Konu Baþlýklarý;Test Girdileri;Sonuçlar;F1 Etiketleri;;;;;
Dengeli bir diyetin prensipleri nelerdir?;Çeþitlilik: Farklý besin gruplarýndan çeþitli yiyecekler tüketmek, vücudun tüm gerekli vitamin, mineral ve besin maddelerini almasýný saðlar. ;Baþarýlý;TP;;;;;
Düzenli egzersiz ve fiziksel aktivitenin faydalarý nelerdir?;Araþtýrmalar, düzenli fiziksel aktivitenin yaþam süresini uzattýðýný ve saðlýklý yaþlanmayý desteklediðini göstermektedir.;Baþarýlý;TP;;;;;
Yeterli uyku neden önemlidir ve uyku kalitesini nasýl artýrabiliriz?;Yatmadan en az bir saat önce telefon, tablet ve bilgisayar gibi elektronik cihazlardan uzak durun. Bu cihazlarýn yaydýðý mavi ýþýk, melatonin hormonunun salýnýmýný etkileyebilir.;Baþarýlý;TP;;;;;
Stres vücudu nasýl etkiler ve etkili stres yönetim teknikleri nelerdir?;Düzenli fiziksel aktivite, endorfin salýnýmýný artýrarak stres seviyelerini düþürür. Yürüyüþ, koþu, yoga veya dans gibi aktiviteler rahatlama saðlar.;Baþarýlý;TP;;;;;
Zihinsel saðlýk neden önemlidir ve yaygýn zihinsel saðlýk sorunlarý nelerdir?;Zihinsel ve fiziksel saðlýk üzerinde olumsuz etkileri olan baský, saðlýklý yaþam için egzersiz, meditasyon, sosyal destek ve iyi uyku gibi yöntemlerle yönetilebilir. Bu yöntemler, günlük hayatýn getirdiði baskýyý hafifletmeye yardýmcý olur.;Baþarýlý;TP;;;;;
Vücudun ne kadar suya ihtiyacý vardýr ve uygun hidrasyonun faydalarý nelerdir?;"Ruh saðlýðý, genel iyilik halini ve günlük iþlevselliði etkiler; depresyon ve anksiyete gibi sorunlar yaygýndýr. Bu durumlarýn erken tespiti ve tedavisi, yaþam kalitesini önemli ölçüde artýrýr.";Baþarýlý;TP;;;;;
Yaygýn kronik hastalýklar nelerdir ve nasýl önlenebilirler?;"Günlük sývý alýmý kiþisel ihtiyaçlara baðlýdýr ancak genellikle 8 bardak su önerilir; yeterli sývý tüketimi enerji seviyelerini artýrýr ve vücut fonksiyonlarýný destekler. Ayrýca, cilt saðlýðýný iyileþtirir ve sindirimi düzenler.";Baþarýlý;TP;;;;;
Aþýlar nasýl çalýþýr ve baðýþýklýk sistemi için neden önemlidirler?;"Sýk görülen uzun süreli rahatsýzlýklar arasýnda kalp hastalýklarý, diyabet ve kanser yer alýr; saðlýklý beslenme, düzenli egzersiz ve sigara içmemek bu rahatsýzlýklarýn önlenmesine yardýmcý olabilir. Ayrýca, düzenli saðlýk kontrolleri erken teþhis ve tedavi için önemlidir.";Baþarýsýz;FN;;;;;
Sigara ve alkol tüketiminin vücut üzerindeki etkileri nelerdir?;"Koruyucu enjeksiyonlar, vücudu zararlý mikroorganizmalara karþý savunma mekanizmalarý geliþtirir; hastalýklarý önlemek ve salgýnlarý kontrol altýna almak için kritik öneme sahiptir. Bu þekilde, bireyler ve toplumlar daha saðlýklý kalýr.";Baþarýsýz;FN;;;;;
;"Tütün ve içki kullanýmý, kalp hastalýklarý, kanser ve karaciðer sorunlarý gibi saðlýk problemlerine yol açar; ayrýca zihinsel ve fiziksel performansý olumsuz etkiler. Bu maddeler, uzun vadede yaþam kalitesini düþürebilir.";Baþarýlý;TP;;;;;
"Olimpiyat Oyunlarýnýn tarihçesi nedir?
";Günümüz uluslararasý spor etkinliklerinin kökenleri, M.Ö. 776 yýlýnda Olympia'da düzenlenen atletizm yarýþmalarýna kadar uzanýr.;Baþarýsýz;FN;;;;;
Olimpiyat Oyunlarý ne sýklýkla düzenleniyor?;Modern spor yarýþmalarý dört yýlda bir yapýlýr ve bu gelenek, eski çaðlardan beri süregelen bir uygulamadýr. Kýþ ve yaz etkinlikleri iki yýllýk aralarla dönüþümlü olarak gerçekleþtirilir.;Baþarýlý;TP;;;;;
Yaz ve Kýþ Olimpiyatlarý arasýndaki temel farklar nelerdir?;Sýcak hava koþullarýnda yapýlan organizasyonlar yüzme, atletizm gibi etkinlikleri içerirken, soðuk hava koþullarýnda gerçekleþtirilen organizasyonlar kayak, buz pateni gibi etkinlikleri kapsar. Ayrýca, bu iki tür etkinlik dört yýl arayla dönüþümlü olarak yapýlýr.;Baþarýlý;TP;;;;;
Olimpiyatlarda en çok madalyayý hangi ülke kazandý?;Uluslararasý spor etkinliklerinde þimdiye kadar en fazla ödül sahibi olan ülke Amerika Birleþik Devletleri'dir. Bu baþarý, uzun yýllara dayanan güçlü atletizm gelenekleri ve geniþ spor altyapýsýna dayanýr.;Baþarýsýz;FN;;;;;
Olimpiyat Halkalarýnýn önemi nedir?;Beþ kýtayý ve dünya çapýndaki sporcularýn birliðini simgeleyen beþ halkalý sembol, uluslararasý iþbirliðini ve dostluðu temsil eder. Halkalarýn renkleri, her birinin dünya ülkelerinin bayrak renklerinden en az birini içermesi nedeniyle önemlidir.;Baþarýlý;TP;;;;;
Olimpiyatlara ev sahipliði yapacak þehirler nasýl seçiliyor?;Ev sahibi þehirler, tesislerin, altyapýnýn ve diðer kriterlerin deðerlendirilmesini içeren, Uluslararasý Olimpiyat Komitesi (IOC) tarafýndan yönetilen sýký bir denetim süreciyle belirleniyor.;Baþarýlý;TP;;;;;
Olimpiyatlarýn ev sahibi þehir üzerinde nasýl bir etkisi var?;Uluslararasý spor etkinlikleri, düzenlendiði bölgede büyük altyapý yatýrýmlarý, turizm artýþý ve ekonomik canlanma saðlar. Ayrýca, küresel ölçekte tanýnýrlýk ve prestij kazandýrarak bölgesel kalkýnmaya katkýda bulunur.;Baþarýsýz;FN;;;;;
Olimpiyat tarihinin en unutulmaz anlarýndan bazýlarý nelerdir?;Olimpiyat oyunlarý tarihinde, Jesse Owens'ýn 1936'da dört altýn madalya kazanmasý, Nadia Com?neci'nin 1976'da jimnastikte tam 10 sayý atmasý ve Usain Bolt'un sprintte dünya rekoru kýrmasý dikkate deðer olaylar olarak sayýlabilir.;Baþarýlý;TP;;;;;
Olimpiyatlarda en çok madalyayý hangi branþ veriyor?;Uluslararasý spor etkinliklerinde en fazla ödül yüzme dalýnda verilmektedir. Bu branþ, geniþ kapsamlý disiplinleri ve birçok yarýþ kategorisi ile öne çýkar.;Baþarýsýz;FN;;;;;
;Türkiye'nin kadýn boksta olimpiyat baþarýsý tüm dünyada takdir görüyor.;Baþarýlý;TN;;;;;
Sürdürülebilir Enerji Kaynaklarý Nedir?;"Yenilenebilir enerji kaynaklarý, doðal süreçlerle sürekli olarak saðlanan ve çevre üzerinde minimal olumsuz etkisi olan enerji türleridir; güneþ, rüzgar ve hidro gibi kaynaklar bu kategoriye girer. Bu kaynaklar, uzun vadeli enerji ihtiyacýný karþýlamada ve ekosistemi korumada önemli rol oynar.";Baþarýlý;TP;;;;;
Güneþ Enerjisi: Nasýl Çalýþýr ve Ne Gibi Faydalarý Vardýr?;"Güneþ ýþýðý, özel paneller aracýlýðýyla elektrik enerjisine dönüþtürülür; bu yöntem, temiz ve bol miktarda mevcut bir kaynak saðlarken çevresel etkileri azaltýr ve enerji faturalarýný düþürebilir.";Baþarýlý;TP;;;;;
Rüzgar enerjisi nasýl kullanýlýr?;"Hava hareketi, türbinler aracýlýðýyla elektrik enerjisine dönüþtürülür; bu yöntem, temiz ve sürekli bir güç kaynaðý saðlar, ayrýca çevre dostudur.";Baþarýlý;TP;;;;;
Hidroelektrik enerji nasýl üretilir?;"Su akýþýnýn türbinler aracýlýðýyla hareket ettirilmesiyle elektrik enerjisi üretilir; bu yöntem, doðal su yollarýndan enerji saðlarken düþük çevresel etki yaratýr.";Baþarýlý;TP;;;;;
Biyokütle enerjisinin verimliliði ve sürdürülebilirliði nasýl deðerlendirilir?;"Organik malzemelerin yakýlmasý veya iþlenmesiyle elde edilen enerji, karbon salýnýmý ve kaynak tüketimi açýsýndan deðerlendirilir; bu süreçler, çevresel etkiler ve enerji verimliliði göz önüne alýnarak optimize edilebilir.";Baþarýlý;TP;;;;;
Jeotermal enerji nasýl elde edilir ve kullanýlýr?;"Yeraltýndaki sýcak su ve buharýn yüzeye çýkarýlmasýyla enerji üretilir; bu yöntem, elektrik üretimi ve ýsýnma gibi uygulamalarda kullanýlýr, çevre dostu bir enerji kaynaðý saðlar.";Baþarýlý;TP;;;;;
Dalga ve gel-git enerjisi nasýl çalýþýr?;"Deniz yüzeyindeki hareket ve su seviyesindeki deðiþiklikler, türbinler aracýlýðýyla elektrik enerjisine dönüþtürülür; bu yöntem, sürekli bir güç kaynaðý saðlar ve denizlerin doðal dinamiklerinden yararlanýr.";Baþarýlý;TP;;;;;
Enerji verimliliði nedir ve nasýl artýrýlýr?;Enerji tasarrufu, kaynaklarý daha az tüketerek ayný hizmeti elde etmek anlamýna gelir. Bu, daha etkili teknolojilerin kullanýmý, yalýtým iyileþtirmeleri ve bilinçli tüketim alýþkanlýklarýyla saðlanabilir.;Baþarýlý;TP;;;;;
Sürdürülebilir enerji kaynaklarýnda gelecekteki trendler nelerdir?;Gelecekte, yenilenebilir kaynaklarýn kullanýmý artacak, enerji depolama teknolojileri geliþecek ve elektrikli taþýtlar daha yaygýn hale gelecek. Ayrýca, akýllý að sistemleri ve daha verimli üretim yöntemleri öne çýkacak.;Baþarýlý;TP;;;;;
;Temiz enerji üretimi için güneþ ve rüzgar gibi doðal kaynaklarýn kullanýmý yaygýnlaþacak, enerji depolama çözümleri ise daha etkin hale gelecek.;Baþarýsýz;FP;;;;;
COVID-19 pandemisinin ortaya çýkýþ sebepleri nelerdir?;Bu hastalýðýn yayýlma sebepleri arasýnda hayvan kaynaklý bulaþýn yaný sýra insandan insana geçiþ de bulunur.;Baþarýlý;TP;;;;;
COVID-19 virüsü nasýl bulaþýr ve yayýlýr?;Virüs, enfekte bir kiþinin solunum yolu damlacýklarý yoluyla hýzla yayýlabilir.;Baþarýlý;TP;;;;;
COVID-19 belirtileri nelerdir ve nasýl taný konur?;Hastalýðýn ortaya çýkýþ sebepleri arasýnda ateþ, öksürük ve nefes darlýðý bulunur.;Baþarýlý;TP;;;;;
COVID-19'un yayýlmasýný önlemek için hangi tedbirler alýnmalýdýr?;Kalabalýklardan kaçýnmak ve maske takmak gibi önlemler hastalýðýn yayýlmasýný engelleyebilir.;Baþarýlý;TP;;;;;
COVID-19 aþýlarý nasýl geliþtirilmiþ ve etkileri nelerdir?;Aþýlar, bilimsel araþtýrmalar ve klinik deneylerle güvenli hale getirilmiþtir.;Baþarýlý;TP;;;;;
COVID-19'un sosyal ve ekonomik etkileri nelerdir?;Pandemi, küresel ölçekte iþ kayýplarýna ve iktisadi durgunluða yol açmýþtýr.;Baþarýlý;TP;;;;;
COVID-19 pandemisi sýrasýnda alýnmasý gereken kiþisel hijyen önlemleri nelerdir?;Ellerin sýk sýk yýkanmasý ve yüzeylerin dezenfekte edilmesi virüsle mücadelede önemlidir.;Baþarýsýz;FN;;;;;
COVID-19'un uzun vadeli saðlýk etkileri nelerdir?;Hastalýktan iyileþen bazý kiþilerde geçmeyen yorgunluk ve solunum sorunlarý gözlemlenmiþtir.;Baþarýsýz;FN;;;;;
COVID-19 salgýnýnýn saðlýk sistemleri üzerindeki etkileri nelerdir?;Hastaneler, vaka artýþlarýyla birlikte kapasite sýnýrlarýný zorlamýþtýr.;Baþarýlý;TP;;;;;
;Pandemi, saðlýk altyapýsýnýn güçlendirilmesi gerektiðini ortaya koymuþtur.;Baþarýlý;TN;;;;;
Küresel ýsýnmanýn temel nedenleri nelerdir?;Fosil yakýtlarýn kullanýmý, gezegenimizin ýsýnmasýnda büyük rol oynar.;Baþarýsýz;FN;;;;;
Küresel ýsýnmanýn atmosferdeki gazlar üzerindeki etkileri nelerdir?;Atmosferdeki karbondioksit seviyesinin artmasý, sýcaklýklarýn yükselmesine neden olur.;Baþarýlý;TP;;;;;
Küresel ýsýnmanýn okyanuslar ve deniz seviyeleri üzerindeki etkileri nelerdir?;Okyanuslarýn sýcaklýklarýnýn artmasý, deniz seviyelerinin yükselmesine ve ekosistemlerin bozulmasýna yol açar.;Baþarýlý;TP;;;;;
Küresel ýsýnmanýn ekosistemler ve biyolojik çeþitlilik üzerindeki etkileri nelerdir?;Küresel ýsýnma, birçok türün yaþam alanýný tehdit eder ve ekosistemleri olumsuz etkiler.;Baþarýlý;TP;;;;;
Küresel ýsýnmayý önlemek için hangi önlemler alýnmalýdýr?;"Yenilenebilir enerji kaynaklarý; kömür, petrol ve doðalgaz gibi fosil yakýtlara olan baðýmlýlýðý azaltmada en önemli rolü üstlenmektedir.";Baþarýsýz;FN;;;;;
Yenilenebilir enerji kaynaklarý küresel ýsýnmayý nasýl azaltýr?;Güneþ ve rüzgar enerjisi, çevreye zarar vermeyen temiz enerji kaynaklarýdýr.;Baþarýlý;TP;;;;;
Sanayi ve tarým faaliyetlerinin küresel ýsýnmaya katkýlarý nelerdir?;Endüstriyel emisyonlar ve yoðun tarým faaliyetleri, atmosferdeki sera gazý miktarýný artýrýr.;Baþarýlý;TP;;;;;
Küresel ýsýnmanýn insan saðlýðý üzerindeki etkileri nelerdir?;Sýcaklýk artýþlarý, ýsýya baðlý hastalýklarýn ve saðlýk sorunlarýnýn yaygýnlaþmasýna neden olabilir.;Baþarýlý;TP;;;;;
Uluslararasý toplumun küresel ýsýnmayla mücadeledeki rolü nedir?;Birleþmiþ Milletler, iklim deðiþikliðiyle mücadele için küresel iþbirliðini teþvik etmektedir.;Baþarýlý;TP;;;;;
;Küresel sýcaklýk artýþý, kutuplardaki buzullarýn erimesine yol açar.;Baþarýlý;TN;;;;;
Türkiye'de Instagram'ýn kapatýlmasýnýn olasý sebepleri nelerdir?;Hükümetin sosyal medya üzerindeki kontrolü artýrma çabalarý, platformlarýn kapatýlmasýyla sonuçlanabilir.;Baþarýsýz;FN;;;;;
Instagram'ýn kapatýlmasý kararýnýn yasal dayanaklarý nelerdir?;Son zamanlarda insanlar Twitter'da daha fazla zaman geçirmeye baþladý.;Baþarýsýz;FN;;;;;
Instagram'ýn kapatýlmasý Türkiye'deki kullanýcýlarý nasýl etkiler?;Kullanýcýlar, günlük alýþkanlýklarýnýn ve iletiþim þekillerinin deðiþmesiyle karþý karþýya kalabilir.;Baþarýsýz;FN;;;;;
Instagram'ýn kapatýlmasýnýn sosyal medya kullanýmýna etkileri nelerdir?;VPN gibi teknolojik çözümlerle eriþim engelleri aþýlabilir.;Baþarýsýz;FN;;;;;
Instagram'ýn kapatýlmasýnýn ekonomik etkileri nelerdir?;Hükümetin sosyal medya üzerindeki kontrolü artýrma çabalarý, platformlarýn kapatýlmasýyla sonuçlanabilir.;Baþarýlý;TP;;;;;
Instagram'ýn kapatýlmasý kararýna karþý alternatif çözümler nelerdir?;Uluslararasý medya, bu tür geliþmeleri yakýndan takip eder ve analiz eder.;Baþarýlý;TP;;;;;
Instagram'ýn kapatýlmasý diðer sosyal medya platformlarýný nasýl etkiler?;Bu tür yasaklar, kullanýcýlarýn çevrimiçi topluluklarýndan kopma endiþesi yaþamasýna sebep olur.;Baþarýlý;TP;;;;;
Instagram'ýn kapatýlmasýyla ilgili kamuoyunun tepkisi nasýldýr?;Sosyal medya yasaklarý, bireylerin bilgiye eriþimini ve paylaþýmýný sýnýrlayarak demokratik süreçlere zarar verebilir.;Baþarýlý;TN;;;;;
Türkiye'de Instagram'ýn kapatýlmasýnýn olasý siyasi sebepleri nelerdir?;Dijital pazarlama stratejileri, sosyal medya eriþiminin azalmasýyla yeniden þekillenmek zorunda kalabilir.;Baþarýlý;TP;;;;;
;Küçük iþletmeler, Instagram'ýn kapatýlmasýyla birlikte önemli bir satýþ ve pazarlama kanalýný kaybeder.;Baþarýlý;TP;;;;;
Yapay zekanýn ekonomik büyüme üzerindeki etkileri nelerdir?;AI, finansal analizlerde hýzlý ve doðru tahminler yaparak iþletmelerin stratejik kararlarýný destekler.;Baþarýlý;TP;;;;;
Siber güvenlikte yapay zekanýn rolü nasýl deðerlendirilmektedir?;Yapay zeka, siber saldýrýlarý tespit etmek ve önlemek için geliþmiþ güvenlik protokolleri oluþturur.;Baþarýlý;TP;;;;;
Yapay zekanýn sanat ve yaratýcý süreçlerdeki katkýlarý nelerdir?;Yapay zeka, sanat ve yaratýcý süreçlerde eserlerin analiz edilmesi, yeni sanat eserlerinin yaratýlmasý ve yaratýcý süreçlerin otomatikleþtirilmesi gibi alanlarda önemli katkýlar saðlamaktadýr.;Baþarýlý;TP;;;;;
Yapay zeka etiði ve bu konudaki düzenlemeler neden önemlidir?;Etik sorunlar, yapay zekanýn sorumlu ve güvenli kullanýmýný saðlamak için tartýþýlmalýdýr.;Baþarýlý;TP;;;;;
Yapay zekanýn týbbi teþhis ve tedavi süreçlerindeki rolü nasýl geliþmektedir?;AI tabanlý algoritmalar, hastalýklarýn erken tespit edilmesinde yüksek doðruluk oranlarý sunar.;Baþarýlý;TP;;;;;
Yapay zekanýn müzik endüstrisindeki yenilikçi kullanýmlarý nelerdir?;AI teknolojisi, vefat etmiþ sanatçýlarýn yeni þarkýlarý icra etmelerini mümkün kýlabilir.;Baþarýsýz;FN;;;;;
Yapay zekanýn ulaþým ve lojistik alanlarýndaki geleceði nedir?;Yapay zeka, ulaþým ve lojistik alanlarýnda otonom araçlar, rota optimizasyonu ve akýllý envanter yönetimi gibi yenilikçi çözümlerle operasyonel verimliliði artýrarak ve maliyetleri düþürerek büyük bir dönüþüm saðlayacaktýr.;Baþarýlý;TP;;;;;
Yapay zeka ve robot teknolojilerinin gelecekteki entegrasyonu nasýl olacak?;Akýllý sistemlerin ve mekanik yardýmcýlarýn bir araya gelmesiyle ileri düzey otomasyon saðlanabilir.;Baþarýsýz;FN;;;;;
AI tabanlý eðitim sistemleri öðrencilerin öðrenme deneyimini nasýl kiþiselleþtirir?;Dijital öðrenme platformlarý bireysel ihtiyaçlarýna göre özelleþtirilmiþ içerikler saðlar.;Baþarýlý;TP;;;;;
;Yapay zeka, veri analizi ve modelleme süreçlerinde önemli bir rol oynamaktadýr.;Baþarýsýz;FP;;;;;
Uzay araþtýrmalarý nedir?;Güneþ sistemi dýþýndaki gezegenleri incelemek için yapýlan çalýþmalardýr.;Baþarýsýz;FN;;;;;
Uluslararasý Uzay Ýstasyonu (ISS) nedir ve hangi ülkeler bu projeye katkýda bulunmaktadýr?;Dünya'nýn yörüngesinde ortak projeler yürütülen bir yapý, birçok ülkenin katkýlarýyla sürekli olarak araþtýrma ve deneyler yapar.;Baþarýlý;TP;;;;;
Mars’a insan göndermenin zorluklarý nelerdir?;Kýzýl gezegene insan göndermek, uzun süreli yaþam, yüksek teknoloji ve lojistik gibi büyük güçlükler içerir.;Baþarýlý;TP;;;;;
Uzay teleskoplarý  ne tür keþifler yapmaktadýr ve astronomiye katkýlarý nelerdir?;Uzak gök cisimlerini inceleyen optik araçlar, yýldýzlar ve galaksiler hakkýnda detaylý veriler saðlar ve bu veriler, evrenin yapý taþlarýný anlamamýza yardýmcý olur.;Baþarýsýz;FN;;;;;
Uzay madenciliði nedir ve bu alanýn gelecekteki potansiyel yararlarý ve riskleri nelerdir?;Uzayda bulunan çeþitli kaynaklarý çýkarmak, büyük ekonomik fýrsatlar ve ayný zamanda çevresel ve teknik riskler taþýr.;Baþarýlý;TP;;;;;
Kepler ve TESS gibi uzay teleskoplarý, gezegen keþiflerinde nasýl rol oynamaktadýr?;Uzak gezegenleri tespit eden gözlem araçlarý, yeni gezegenleri bulma ve evrenin yapýlarýný anlamada kritik rol oynar.;Baþarýlý;TP;;;;;
Uzayda uzun süreli yaþam konusunda ne tür araþtýrmalar yapýlmaktadýr?;Uzayda uzun süre kalmanýn saðlýk üzerindeki etkilerini anlamak için sürekli izleme ve çeþitli saðlýk araþtýrmalarý yapýlýr.;Baþarýlý;TP;;;;;
Özel sektördeki uzay þirketleri uzay araþtýrmalarýna nasýl katkýda bulunuyor?;Roket fýrlatma ve uzay araçlarý üretiminde yenilikçi teknolojiler sunan þirketler, bu alanda maliyetleri düþürme ve daha fazla görev gerçekleþtirme imkaný saðlar.;Baþarýlý;TP;;;;;
Karanlýk madde ve karanlýk enerjinin uzay araþtýrmalarýndaki önemi nedir?;Evrenin görünmeyen bileþenlerinin araþtýrýlmasý, evrenin yapýsýný ve geniþleme hýzýný anlamamýza yardýmcý olur.;Baþarýsýz;FN;;;;;
;Evrenin uzak köþelerindeki kozmik olaylar, zamanýn ve uzayýn nasýl etkileþime girdiðini anlamamýzda önemli bir rol oynar.;Baþarýlý;TN;;;;;
Türkiye'deki futbolun tarihsel geliþimi nasýldýr?;Ülkemizde top oyununun kökenleri 19. yüzyýlýn sonlarýna kadar uzanýr.;Baþarýlý;TP;;;;;
Türkiye'de futbolun en popüler takýmlarý hangileridir?;Üç büyükler olarak bilinen kulüpler, geniþ bir hayran kitlesine sahiptir.;Baþarýlý;TP;;;;;
Türkiye Süper Lig'inin yapýsý ve formatý nasýldýr?;En üst seviye lig, 18 takýmýn mücadele ettiði bir rekabet sahasýdýr.;Baþarýlý;TP;;;;;
Türkiye'de futbol taraftarlýðý ve fanatizm nasýl bir kültür oluþturur?;Taraftarlar, renklerine gönülden baðlý olup maç günlerinde büyük coþku yaþar.;Baþarýlý;TP;;;;;
Türkiye'de kadýn futbolunun geliþimi ve mevcut durumu nedir?;Kadýn futbol takýmlarý, ligde ve turnuvalarda önemli baþarýlar elde eder.;Baþarýlý;TP;;;;;
Türkiye'de futbolun ekonomik etkileri nelerdir?;Futbol ekonomisi, bilet satýþlarý ve yayýn haklarý gelirleri ile desteklenir.;Baþarýlý;TP;;;;;
Türkiye'de futbol hakemlerinin karþýlaþtýðý zorluklar nelerdir?;Hakemler, karar verirken büyük baskýlar altýnda kalabilirler.;Baþarýsýz;FN;;;;;
Türkiye'nin uluslararasý futbol turnuvalarýndaki baþarýlarý nelerdir?;Ulusal takým, Avrupa ve dünya çapýnda önemli turnuvalara katýlmaktadýr.;Baþarýlý;TP;;;;;
Türkiye'deki futbol stadyumlarýnýn durumu ve özellikleri nelerdir?;Modern arenalar, hem yerel hem de uluslarasý maçlara ev sahipliði yapar.;Baþarýlý;TP;;;;;
;Futbol yönetimi, fair-play ve etik deðerlerin korunmasýna özen gösterir.;Baþarýlý;TN;;;;;
Türkiye'de dizi ve film sektörünün tarihsel geliþimi nasýldýr?;Ülkemizde sinema ve televizyon yapýmlarý, 20. yüzyýlýn baþlarýndan itibaren geliþmeye baþlamýþtýr.;Baþarýlý;TP;;;;;
Türkiye'de dizi ve film sektörünün ekonomik etkileri nelerdir?;Altýn Portakal ve Yeþilçam Ödülleri, sektördeki önemli baþarýlarý ödüllendirmektedir.;Baþarýlý;TP;;;;;
Türk dizilerinin uluslararasý baþarýsýnýn sebepleri nelerdir?;Gelecekte, sanal gerçeklik ve artýrýlmýþ gerçeklik gibi teknolojilerin sektöre entegre edilmesi beklenmektedir.;Baþarýlý;TP;;;;;
Türkiye'deki dizi ve film sektöründe çalýþanlarýn karþýlaþtýðý zorluklar nelerdir?;Yoðun set programlarý, ekip üyeleri için büyük bir fiziksel ve zihinsel yük oluþturabilir.;Baþarýsýz;FN;;;;;
Türkiye'de dizi ve film sektöründe kullanýlan teknolojik yenilikler nelerdir?;Dizi ve film sektöründe inovasyon, rekabet avantajý saðlamaktadýr.;Baþarýlý;TP;;;;;
Türkiye'deki dizi ve filmlerde sýkça kullanýlan temalar nelerdir?;Çoðunlukla Türk dizileri aþk, töre ve aile baðlarý gibi konularý iþler.;Baþarýlý;TP;;;;;
Türk sinemasýnýn dünya sinemasý üzerindeki etkileri nelerdir?;Görsel efektler ve animasyon, film ve dizilerin görsel çekiciliðini artýrýr.;Baþarýlý;TP;;;;;
Türkiye'de dizi ve film sektöründe hangi ödüller verilmektedir?;Altýn Portakal ve Yeþilçam Ödülleri, sektördeki önemli baþarýlarý ödüllendirmektedir.;Baþarýlý;TP;;;;;
Türk dizi ve film sektöründe gelecekte ne gibi yenilikler bekleniyor?;Gelecekte, sanal gerçeklik ve artýrýlmýþ gerçeklik gibi teknolojilerin sektöre entegre edilmesi beklenmektedir.;Baþarýlý;TP;;;;;
;Dizi ve film sektöründe inovasyon, rekabet avantajý saðlamaktadýr.;Baþarýlý;TN;;;;;
Dijitalleþme kitap okuma alýþkanlýklarýný nasýl deðiþtirdi?;Teknolojik geliþmeler, edebi eserlerin daha geniþ kitlelere ulaþmasýný saðlýyor.;Baþarýsýz;FN;;;;;
E-kitaplarýn geleneksel kitaplara göre avantajlarý nelerdir?;Dijital metinler, taþýnabilirlik ve eriþim kolaylýðý sunar.;Baþarýlý;TP;;;;;
Dijitalleþmenin kütüphanelerin kullanýmýna etkisi nasýldýr?;Dijital koleksiyonlar, bilgi merkezlerinin daha geniþ kitlelere hizmet vermesini saðlar.;Baþarýlý;TP;;;;;
Dijitalleþmenin kitap fiyatlarýna etkisi nedir?;Yeni nesil, dijital ortamda kitaplara daha kolay eriþebilmektedir.;Baþarýlý;TP;;;;;
Sesli kitaplarýn popülaritesinin artmasý ne anlama geliyor?;Hareket halindeyken de kitap dinleme imkaný sunan sesli kitaplar oldukça popüler hale geldi.;Baþarýlý;TP;;;;;
Dijitalleþmenin gençler üzerindeki okuma alýþkanlýklarýna etkisi nedir?;Yeni nesil, dijital ortamda kitaplara daha kolay eriþebilmektedir.;Baþarýlý;TP;;;;;
Sosyal medyanýn kitap okuma alýþkanlýklarý üzerindeki etkisi nedir?;Sosyal medya, kullanýcýlarýn dikkatini daðýtarak ve daha kýsa içerik tüketimine yönlendirerek kitap okuma alýþkanlýklarýný olumsuz etkileyebilir. Bununla birlikte, kitap önerileri ve okuma gruplarý aracýlýðýyla edebi eserlere olan ilgiyi artýrabilir.;Baþarýlý;TP;;;;;
Geleneksel yayýnevleri dijitalleþmeye nasýl uyum saðlýyor?;E-kitap kütüphaneleri oluþturarak geniþ bir okuyucu kitlesine hitap ediyorlar.;Baþarýsýz;FN;;;;;
E-kitaplarýn korsan yayýncýlýðý üzerindeki etkisi nedir?;Dijital formatlar, izinsiz kopyalarýn yayýlmasýný engellemeye yönelik yeni yöntemler gerektirir.;Baþarýlý;TP;;;;;
;Tablet ve akýllý telefonlar, okuma deneyimini zenginleþtirir.;Baþarýlý;TN;;;;;
Sahte haberler nedir ve nasýl tanýmlanýr?;Toplumsal algýyý manipüle etmek için kasýtlý olarak yanlýþ bilgi yayýlýr.;Baþarýlý;TP;;;;;
Sosyal medya platformlarý sahte haberlerin yayýlmasýnda nasýl bir rol oynar?;Dijital platformlarýn algoritmalarý, yanlýþ bilgilerin yayýlmasýný hýzlandýrabilir.;Baþarýlý;TP;;;;;
Dezenformasyonun saðlýk üzerindeki etkileri nelerdir?;Yanlýþ týbbi bilgiler, halk saðlýðýný tehlikeye atabilir.;Baþarýlý;TP;;;;;
Dezenformasyonun ekonomi üzerindeki etkileri nelerdir?;Yanýltýcý haberler, piyasalarýn dalgalanmasýna ve ekonomik kayýplara neden olabilir.;Baþarýlý;TP;;;;;
Yanýltýcý haberler toplumda ne tür sosyal etkiler yaratýr?;Yanlýþ bilgi yayýlýmý, toplumsal huzursuzluk ve bölünmelere neden olabilir.;Baþarýlý;TP;;;;;
Dezenformasyonla mücadelede yapay zekanýn rolü nedir?;Otomatik filtreleme sistemleri, yanýltýcý içerikleri tespit ederek kullanýcýlarý uyarýr.;Baþarýsýz;FN;;;;;
Sahte haberlerin yayýlma hýzýný artýran faktörler nelerdir?;Bilgi kirliliði, genellikle sosyal medya aðlarý üzerinden geniþ kitlelere ulaþýr.;Baþarýlý;TP;;;;;
Sahte haberlerle mücadelede analitik düþünmenin önemi nedir?;Eleþtirel düþünme becerileri, yanlýþ bilgiyle baþa çýkmada kilit bir rol oynar.;Baþarýlý;TP;;;;;
Hangi gruplar sahte haberlerin yayýlmasýnda daha savunmasýzdýr?;Yaþlýlar ve dijital okuryazarlýðý düþük olan gruplar, yanlýþ bilgilere karþý daha savunmasýzdýr.;Baþarýsýz;FN;;;;;
;Yanlýþ bilgiler, seçim sonuçlarýný etkileyebilir ve siyasi istikrarsýzlýða yol açabilir.;Baþarýlý;TN;;;;;
Ýstanbul'daki tarihi yalýlarýn mimari özellikleri nelerdir?;Boðaz'daki bu yapýlar, genellikle Osmanlý ve batý mimarisinin bir karýþýmýný yansýtýr.;Baþarýlý;TP;;;;;
Hangi yalýlar Boðaz'da en çok dikkat çeker?;Zeki Paþa Yalýsý, 550 milyon TL'lik deðeriyle Boðaz'ýn en gözde yalýsý konumunda yer almaktadýr.;Baþarýlý;TP;;;;;
Ýstanbul yalýlarýnýn tarihçesi nasýl þekillenmiþtir?;18 ve 19. yüzyýllarda inþa edilen yalýlar, Osmanlý dönemi mimarisinin zarif ve etkileyici örneklerini yansýtýr.;Baþarýlý;TP;;;;;
Hangi ünlü yazarlar ve sanatçýlar Ýstanbul yalýlarýnda yaþamýþtýr?;Modern Türk öykücülüðünün öncülerinden Sait Faik Abasýyanýk, Ýstanbul'da bir yalýda yaþamýþ ve birçok hikayesini burada yazmýþtýr. Yazarýn Boðaz'a olan sevgisi, eserlerinde sýkça görülür.;Baþarýlý;TP;;;;;
Yalýlarýn restorasyon süreçleri nasýl yönetilmektedir?;Yenileme projeleri, yapýnýn orijinal detaylarýný koruyarak modern ihtiyaçlara uygun hale getirir.;Baþarýlý;TP;;;;;
Ýstanbul yalýlarýnýn kültürel ve sosyal önemi nedir?;Turistlerin yoðun ilgisini çeken bu yapýlar, rehberli turlar aracýlýðýyla ziyaretçilere tanýtýlýr.;Baþarýsýz;FN;;;;;
Ýstanbul yalýlarý hangi filmlerde ve dizilerde kullanýlmýþtýr?;Sarýyer'deki Ahmet Afif Paþa Yalýsýnda Aþk-ý Memnu dizisi çekilmiþtir.;Baþarýlý;TP;;;;;
Yalýlarýn bahçeleri ve çevre düzenlemeleri nasýldýr?;Yeþil alanlar, özenle düzenlenmiþ bitki örtüsü ve peyzajlarýyla dikkat çekmektedir.;Baþarýsýz;FN;;;;;
Ýstanbul yalýlarý, þehrin turizmine nasýl katký saðlar?;Ýstanbul yalýlarý, tarihi ve kültürel zenginlikleriyle turistlerin ilgisini çekerek þehrin turizmine önemli katký saðlar. Bu eþsiz yapýlar, Boðaz'ýn güzelliklerini keþfetmek isteyen ziyaretçiler için çekim noktasý oluþturur ve Ýstanbul'un tarihi dokusunu deneyimleme fýrsatý sunar.;Baþarýlý;TP;;;;;
;Boðaz'daki yalýlarýn bazýlarý özel etkinlikler ve düðünler için kiralanabilir.;Baþarýlý;TN;;;;;
Blockchain teknolojisi nedir ve nasýl çalýþýr?;Blok zinciri, verilerin þifrelenmiþ bir þekilde halkalar olarak saklandýðý daðýtýk bir defter teknolojisidir.;Baþarýlý;TP;;;;;
Kripto paralar nasýl üretilir ve iþlenir?;Dijital paralar, matematiksel algoritmalar kullanýlarak sanal olarak oluþturulur. ;Baþarýlý;TP;;;;;
Blockchain teknolojisinin farklý sektörlerdeki uygulamalarý nelerdir?;Merkeziyetsiz finans, aracýlarý ortadan kaldýrarak finansal hizmetlerin doðrudan kullanýcýlar arasýnda gerçekleþtirilmesini saðlar.;Baþarýlý;TP;;;;;
Blockchain ve kripto paralarýn avantajlarý ve dezavantajlarý nelerdir?;Dijital varlýklar, düþük iþlem maliyetleri ve hýzlý transfer süreleri sunar.;Baþarýsýz;FN;;;;;
Blockchain'in veri güvenliði üzerindeki etkisi nedir?;Her bir veri bloðu, önceki bloða baðlý olduðundan, verilerin deðiþtirilmesi veya silinmesi neredeyse imkansýz hale gelir.;Baþarýsýz;FN;;;;;
Kripto para madenciliði nedir ve nasýl yapýlýr?;Kripto madenciliði, karmaþýk matematiksel problemleri çözerek yeni dijital paralar üretme sürecidir.;Baþarýlý;TP;;;;;
ICO (Initial Coin Offering) nedir ve nasýl çalýþýr?;Ýlk dijital para arzý, yeni kripto paralarýn piyasaya sürülmesi için kullanýlan bir fon toplama yöntemidir.;Baþarýlý;TP;;;;;
Kripto para borsalarý nasýl çalýþýr?;Dijital varlýklar, geleneksel finansal sistemlere alternatif olarak hýzla popülerlik kazanýyor.;Baþarýlý;TP;;;;;
Merkezsiz finans (DeFi) nedir ve nasýl çalýþýr?;DeFi platformlarý, blockchain teknolojisi kullanarak finansal iþlemleri güvenli ve þeffaf bir þekilde gerçekleþtirir.;Baþarýlý;TP;;;;;
;Sanal varlýklar, yatýrýmcýlar için büyük kazanç fýrsatlarý sunar.;Baþarýsýz;FP;;;;;
Seyahat sigortasý neden gereklidir ve hangi durumlarda en faydalýdýr?;Beklenmedik olaylar karþýsýnda maddi güvence saðlayarak hastalýk, kaza veya iptaller gibi durumlarda, yolcularýn karþýlaþtýklarý zorluklarý hafifletebilir.;Baþarýlý;TP;;;;;
Gezi planlamasýnda en önemli faktörler nelerdir?;Bir seyahatin verimli ve sorunsuz geçmesi için bütçenin dikkatli bir þekilde belirlenmesi, konaklama yerlerinin önceden ayarlanmasý ve gidilecek yerin hava durumu hakkýnda bilgi sahibi olunmasý gereklidir.;Baþarýlý;TP;;;;;
Farklý ulaþým yöntemlerinin  avantajlarý ve dezavantajlarý nelerdir?;Uçakla yolculuk hýzlý ve uzun mesafeler için idealdir, ancak maliyetli olabilir.;Baþarýlý;TP;;;;;
Turistlerin gezi sýrasýnda yerel kültüre saygý göstermeleri neden önemlidir?;Yabancý bir bölgeyi ziyaret eden kiþilerin orada yaþayan insanlarýn geleneklerine ve yaþam tarzýna uyum göstermeleri, toplumsal uyumu ve karþýlýklý saygýyý pekiþtirir.;Baþarýlý;TP;;;;;
Ekoturizm nedir ve neden önemlidir?;Doðal alanlarý koruyarak ve yerel halkýn refahýný gözeterek gerçekleþtirilen seyahatler, doðal kaynaklarýn sürdürülebilir kullanýmýný destekler.;Baþarýsýz;FN;;;;;
Gezi sýrasýnda güvenlik ve saðlýk önlemleri nelerdir?;Yolculuk yaparken seyahat eden kiþilerin yanlarýnda temel ilk yardým malzemeleri bulundurmalarý, hijyen kurallarýna dikkat etmeleri ve olasý tehlikelere karþý tedbirli olmalarý gereklidir.;Baþarýsýz;FN;;;;;
Sürdürülebilir turizm nasýl teþvik edilebilir?;Seyahat uygulamalarýnýn yaygýnlaþtýrýlmasý, yerel halkla iþ birliði yapýlmasý ve doðaya zarar vermeyen turistik faaliyetlerin desteklenmesi ile mümkündür.;Baþarýsýz;FN;;;;;
Popüler turistik destinasyonlarýn ekonomik ve sosyal etkileri nelerdir?;Turistik bölgeler, ekonomik olarak yerel halk için gelir kaynaðý oluþturur ve istihdamý artýrýr.;Baþarýsýz;FN;;;;;
Teknolojinin gezi deneyimleri üzerindeki etkileri nelerdir?;Geliþmiþ dijital araçlar, seyahat düzenlemelerini ve yön bulmayý basitleþtirir, internet platformlarý ise deneyimlerin paylaþýmýný mümkün kýlar. Ancak, sürekli baðlantýda olmak, aný yaþama fýrsatýný azaltabilir.;Baþarýlý;TP;;;;;
;Yeni yerler keþfetmek, farklý kültürleri tanýmak ve ufkumuzu geniþletmek için harika bir yoldur.;Baþarýlý;TN;;;;;
Bireylerin kendilerini geliþtirmesi neden önemlidir?;Kiþisel ilerleme, bireylerin daha iyi fýrsatlar elde etmelerine ve daha tatmin edici bir yaþam sürmelerine yardýmcý olur.;Baþarýlý;TP;;;;;
Ýþ dünyasýnda baþarýlý olmak için hangi yetenekler öne çýkar?;Ýþ hayatýnda etkili olmak için iletiþim becerileri, yaratýcý düþünme ve problem çözme yetenekleri önemlidir.;Baþarýlý;TP;;;;;
Zamaný etkili bir þekilde nasýl yönetebiliriz?;Etkili zaman kullanýmý, planlama yaparak, öncelikleri belirleyerek ve dikkat daðýnýklýðýný azaltarak mümkün olur.;Baþarýlý;TP;;;;;
Kariyer planlamasý yaparken nelere dikkat edilmelidir?;Kariyer yolunu belirlerken kiþisel ilgi ve güçlü yönler dikkate alýnmalý, uzun vadeli hedefler oluþturulmalý ve bu hedeflere ulaþmak için bir strateji geliþtirilmelidir.;Baþarýsýz;FN;;;;;
Ýþ yerindeki baský ile baþa çýkmanýn yollarý nelerdir?;Ýþ yerindeki zorluklarla baþa çýkmak için stres yönetimi tekniklerini kullanmak, saðlýklý alýþkanlýklar geliþtirmek ve gerektiðinde destek aramak yardýmcý olabilir.;Baþarýsýz;FN;;;;;
Kiþisel motivasyonu artýrmak için ne tür yöntemler kullanýlabilir?;Kiþisel hedefler belirlemek, baþarýlarý kutlamak ve pozitif düþünme teknikleri kullanmak motivasyonu artýrabilir.;Baþarýlý;TP;;;;;
Profesyonel iliþkileri geliþtirmek neden önemlidir?;Ýliþkiler, kariyer geliþimini destekler ve iþ dünyasýnda ilerlemeyi saðlar.;Baþarýlý;TP;;;;;
Bir yöneticinin sahip olmasý gereken temel nitelikler nelerdir?;Ekip üyelerini yönlendirme, sorunlarý çözme ve stratejik düþünme becerilerine sahip olmalýdýr.;Baþarýsýz;FN;;;;;
Eðitim ve deneyim arasýndaki denge nasýl kurulabilir?;Teorik bilgiyi uygulama fýrsatlarý yaratmak, gerçek dünya deneyimlerinden öðrenilenleri eðitimle birleþtirmek etkili bir yöntemdir.;Baþarýlý;TP;;;;;
;Bir kiþinin yaþamýndaki denge, saðlýklý alýþkanlýklar ve olumlu düþünme tarzý ile büyük ölçüde etkilenir.;Baþarýlý;TN;;;;;
Yaratýcýlýðý geliþtirmek için hangi yöntemler etkili olabilir?;Yenilikçi fikirler üretmek için farklý düþünme teknikleri ve çeþitli bilgi kaynaklarý kullanmak faydalý olabilir.;Baþarýlý;TP;;;;;
Ýþ yerlerinde yenilikçi yaklaþýmlarýn önemi nedir?;Ýþ süreçlerini güncel tutmak ve rekabet avantajý saðlamak için mevcut yöntemlerden farklý yollar denemek önemlidir.;Baþarýsýz;FN;;;;;
Yaratýcý düþünme nasýl teþvik edilebilir?;Yeni deneyimlere açýk olmak ve alýþýlmýþýn dýþýnda düþünme fýrsatlarý yaratmak, yeni bakýþ açýlarý geliþtirilmesine yardýmcý olabilir.;Baþarýsýz;FN;;;;;
Yeni projelerde riskleri nasýl deðerlendirmek gerekir?;Potansiyel engelleri ve fýrsatlarý analiz ederek, stratejik planlama ve risk yönetimi ile projelerin baþarý þansýný artýrmak mümkündür.;Baþarýsýz;FN;;;;;
Takým çalýþmasýnýn yaratýcý süreçlere katkýsý nedir?;Farklý uzmanlýk alanlarýndan gelen katkýlar ve iþbirliði, yenilikçi çözümler üretmeyi kolaylaþtýrýr.;Baþarýsýz;FN;;;;;
Baþarýya ulaþmak için baþarýsýzlýklardan nasýl ders çýkarýlýr?;Geçmiþteki hatalardan öðrenerek ve bu bilgileri gelecekteki planlamalarda kullanarak geliþmek mümkündür.;Baþarýlý;TP;;;;;
Fikirlerin uygulanabilirliðini deðerlendirmek için hangi kriterler kullanýlýr?;Pratiklik, kaynak gereksinimleri ve potansiyel etkiler gibi faktörler, yeni önerilerin ne kadar etkili olacaðýný belirleyebilir.;Baþarýsýz;FN;;;;;
Teknoloji ve yenilik arasýndaki iliþki neden kritiktir?;Yeni geliþmelerin uygulanabilirliði, teknolojik araçlarýn saðladýðý imkanlarla büyük ölçüde desteklenir.;Baþarýlý;TP;;;;;
Yaratýcý düþünmeyi destekleyen çevresel etmenler nelerdir?;Çeþitli uyarýcýlar ve destekleyici bir ortam, bireylerin yaratýcý potansiyellerini ortaya çýkarmalarýna yardýmcý olabilir.;Baþarýsýz;FN;;;;;
;Yenilikçi projeler genellikle çeþitli disiplinlerden gelen fikirlerin birleþimiyle ortaya çýkar, bu da multidisipliner bir yaklaþýmýn önemini vurgular.;Baþarýsýz;FP;;;;;
Ýnsan-robot etkileþimi nedir ve nasýl çalýþýr?;Makinelerin insan davranýþlarýný anlamasý ve uygun tepkiler vermesi, bu etkileþimin temelini oluþturur.;Baþarýlý;TP;;;;;
Robotlar iþ gücünü nasýl deðiþtirebilir?;Otomasyon, tekrarlayan görevleri ortadan kaldýrarak üretkenliði artýrýr ve insan iþ gücünün daha yaratýcý alanlara yönelmesini saðlar.;Baþarýsýz;FN;;;;;
Endüstriyel robotlar hangi sektörlerde kullanýlýr?;Otomotiv ve elektronik üretimi, bu teknolojilerin yoðun olarak kullanýldýðý alanlardandýr.;Baþarýsýz;FN;;;;;
Evde kullanýlan robot teknolojileri nelerdir?;Akýllý süpürgeler ve asistanlarý, hanemizdeki günlük iþleri kolaylaþtýrmak için yaygýn olarak kullanýlýr.;Baþarýlý;TP;;;;;
Robotlarýn saðlýk sektöründeki rolü nedir?;Cerrahi müdahalelerde hassasiyet saðlamak ve tekrarlayan görevleri otomatikleþtirmek, bu makinelerin saðlýk alanýndaki katkýlarýndandýr.;Baþarýlý;TP;;;;;
Ýnsan-robot etkileþiminde kullanýlan teknolojiler nelerdir?;Yapay zeka ve sensör teknolojileri, bu etkileþimlerin temel bileþenleridir.;Baþarýsýz;FN;;;;;
Robotlarýn insan duygularýný anlama ve tepki verme yetenekleri nelerdir?;Duygusal ifadeleri tanýyarak ve uygun tepkiler vererek, makineler insanlarla daha doðal etkileþimler kurabilir.;Baþarýlý;TP;;;;;
Robotlarýn güvenlik açýsýndan deðerlendirilmesi nasýl yapýlýr?;Kullanýldýklarý ortama göre risk analizleri ve performans testleri, güvenlik deðerlendirmelerinin temelini oluþturur.;Baþarýsýz;FN;;;;;
Robotik sistemlerin eðitime katkýlarý nelerdir?;Robot yarýþmalarý, mühendislik öðrencilerinin yenilikçi tasarýmlarýný sergilemeleri için harika bir fýrsat sunar.;Baþarýsýz;FN;;;;;
;Robotik futbol turnuvalarý, yapay zeka ve robot teknolojisinin geliþimini eðlenceli bir þekilde sergiler.;Baþarýlý;TN;;;;;
Beynin temel iþlevleri nelerdir?;Beynin temel iþlevleri hayatsal faaliyetleri yerine getirmektir.;Baþarýlý;TP;;;;;
Beyin ve davranýþ arasýndaki iliþki nasýldýr?;Beyin, sinir hücreleri arasýndaki karmaþýk iletiþim aðý sayesinde davranýþlarýmýzý düzenler.;Baþarýlý;TP;;;;;
Beyin ve hafýza arasýndaki iliþki nedir?;Bellek, sinir aðlarý tarafýndan iþlenen ve saklanan bilgidir.;Baþarýlý;TP;;;;;
Nöronlarýn yapýsý ve iþlevi nasýldýr?;Sinir hücreleri, elektriksel sinyaller aracýlýðýyla iletiþim kurar.;Baþarýlý;TP;;;;;
Beyin hastalýklarý nelerdir ve nasýl tedavi edilir?;Merkezi sinir sistemi hastalýklarýnýn tedavisi, ilaçlar ve cerrahi müdahalelerle yapýlabilir.;Baþarýlý;TP;;;;;
Nörobilim alanýnda yapýlan son keþifler nelerdir?;Nörobilim alanýnda yapýlan son keþifler arasýnda, beyin dalgalarýnýn yapay zeka ile analiz edilerek düþüncelerin okunmasý ve duygusal durumlarýn tespit edilmesi bulunmaktadýr.;Baþarýlý;TP;;;;;
Beyin saðlýðýný korumanýn yollarý nelerdir?;Beyin saðlýðýný korumanýn yollarý arasýnda düzenli egzersiz yapmak, dengeli beslenmek, yeterli uyku almak, zihinsel aktivitelerde bulunmak ve stresi yönetmek yer almaktadýr.;Baþarýlý;TP;;;;;
Bilinç ve bilinçaltý nasýl çalýþýr?;Bilinçaltý, farkýnda olmadan yapýlan eylemleri ve düþünceleri yönetir.;Baþarýlý;TP;;;;;
Beyindeki kimyasal ileticilerin (nörotransmitterler) rolü nedir?;Beyindeki kimyasal haberciler, sinir hücreleri arasýnda iletiþim saðlar.;Baþarýlý;TP;;;;;
;Beyin-göçü, yetenekli bilim insanlarýnýn baþka ülkelere göç etmesiyle oluþan durumu ifade eder.;Baþarýlý;TN;;;;;
Amerika Birleþik Devletleri'ni þekillendiren önemli tarihsel olaylar nelerdir?;Baþlýca dönemler arasýnda Amerikan Devrimi (1775-1783), Baðýmsýzlýk Bildirgesi'nin imzalanmasý (1776), Ýç Savaþ (1861-1865), Sivil Haklar Hareketi (1950'ler-1960'lar) ve büyük çatýþmalar yer alýr. Dünya Savaþý. Birinci ve Ýkinci Dünya Savaþý. Bu olaylarýn her biri ülkenin kalkýnmasýný ve politikalarýný önemli ölçüde etkiledi.;Baþarýlý;TP;;;;;
Amerika Birleþik Devletleri hükümet sistemi nasýl çalýþýyor? ;Federal yapý, yürütme, yasama ve yargý olmak üzere üç ana kuvvetten oluþur ve bu kuvvetler arasýndaki denge ve kontrol mekanizmalarýyla iþler.;Baþarýlý;TP;;;;;
Amerika Birleþik Devletleri'ndeki ana ekonomik sektörler nelerdir? ;Ülkede teknoloji, saðlýk, finans, enerji ve tarým gibi sektörler ekonomide baþlýca yer tutmaktadýr.;Baþarýlý;TP;;;;;
Amerika Birleþik Devletleri'ndeki kültürel çeþitlilik nasýldýr? ;Ülke, farklý etnik kökenlerden ve kültürel geçmiþlerden gelen insanlarýn bir arada yaþadýðý, çok çeþitli bir yapýya sahiptir.;Baþarýlý;TP;;;;;
Amerika Birleþik Devletleri'ndeki eðitim sistemi nasýl iþliyor?;Eðitim sistemi, anaokulundan üniversiteye kadar çeþitli seviyelerdeki okullarla, kamu ve özel kurumlar aracýlýðýyla geniþ bir eðitim yelpazesi sunar.;Baþarýlý;TP;;;;;
Amerika Birleþik Devletleri'ndeki bazý önemli simge yapýlar ve ilgi çekici yerler nelerdir?;Baþlýca turistik yerler arasýnda Özgürlük Anýtý, Büyük Kanyon, Rushmore Daðý, Beyaz Saray, Disneyland ve milli parklar yer alýr. Bu alanlar her yýl milyonlarca turistin ilgisini çekmektedir ve ülkenin mirasý ve kimliði açýsýndan önemlidir.;Baþarýlý;TP;;;;;
Amerika Birleþik Devletleri küresel kültürü ve siyaseti nasýl etkiledi?;Amerika Birleþik Devletleri dünyanýn süper gücü olarak biliniyor. Ortadoðu, Güney Amerika ve Avrupa baþta olmak üzere birçok ülkede söz sahibidir. Ayrýca birçok Amerikan hareketi filmler, diziler ve sosyal medya aracýlýðýyla dünyaya yayýlmýþtýr.;Baþarýlý;TP;;;;;
Amerika Birleþik Devletleri'ndeki mevcut baþlýca sosyal ve politik sorunlar nelerdir?;Ülkede, saðlýk hizmetlerine eriþim, ýrksal eþitlik, göç politikalarý ve iklim deðiþikliði gibi konular önemli tartýþma baþlýklarýdýr.;Baþarýsýz;FN;;;;;
Amerika Birleþik Devletleri'nde saðlýk hizmetleri sistemi nasýl çalýþýyor? ;Ülkedeki saðlýk hizmetleri sistemi, kamu ve özel sigorta programlarý aracýlýðýyla finanse edilen, çeþitli saðlýk hizmeti saðlayýcýlarýnýn bulunduðu karmaþýk bir yapýya sahiptir. Bu sistemde hem devlet destekli programlar hem de özel sigorta þirketleri aracýlýðýyla saðlýk hizmetlerine eriþim saðlanýr.;Baþarýlý;TP;;;;;
;Amerika Birleþik Devletleri futbolda, basketbol ve beyzbolla karþýlaþtýrýldýðýnda çok geride.;Baþarýlý;TN;;;;;
Sosyal medyanýn tarihçesi nedir?;Ýlk olarak internet forumlarý ve bloglarla baþlayan süreç, 2000'li yýllarýn baþýnda Facebook ve Twitter gibi platformlarýn ortaya çýkmasýyla hýz kazandý.;Baþarýlý;TP;;;;;
Günümüzün en popüler sosyal medya platformlarý nelerdir ve temel özellikleri nelerdir?;Facebook, Twitter, Instagram ve TikTok en ünlü kitle iletiþim uygulamalarýdýr.;Baþarýlý;TP;;;;;
Sosyal medya ruh saðlýðýný nasýl etkiliyor?;Sosyal medya insanlarýn baðlantýda kalmasýna ve destek bulmasýna yardýmcý olabilir, ancak ayný zamanda idealleþtirilmiþ görüntülere ve yaþam tarzlarýna sürekli maruz kalma nedeniyle kaygý, depresyon ve yetersizlik duygularýna da katkýda bulunabilir. Etki, bireylerin sosyal medyayý nasýl kullandýklarýna ve kiþisel koþullarýna baðlý olarak deðiþmektedir.;Baþarýlý;TP;;;;;
Sosyal medyanýn modern pazarlama stratejilerinde rolü nedir? ;Ýþletmeler, geniþ kitlelere ulaþmak ve marka bilinirliðini artýrmak için bu dijital kanallarý kullanarak hedef kitlelerine daha etkili bir þekilde ulaþmaktadýr.;Baþarýlý;TP;;;;;
Bireyler sosyal medyada mahremiyetlerini nasýl koruyabilirler? ;Kullanýcýlar, gizlilik ayarlarýný dikkatli bir þekilde düzenleyerek ve paylaþýmlarýný sýnýrlayarak kiþisel bilgilerinin yayýlmasýný kontrol altýnda tutabilirler.;Baþarýlý;TP;;;;;
Sosyal medya kullanýmýyla ilgili etik kaygýlar nelerdir?;Yanlýþ bilgi yayýlmasý, siber zorbalýk ve dijital platformlar üzerindeki etik sorunlarýn baþlýca endiþe kaynaklarýdýr. Bu durumlar, kullanýcýlarýn güvenliðini ve toplumun genel refahýný tehlikeye atabilir.;Baþarýlý;TP;;;;;
Sosyal medya siyasi hareketleri ve toplumsal deðiþimi nasýl etkiledi? ;Sosyal medya, Black Livesmatter ve Arap Baharý gibi toplumsal hareketlerde ve insanlarýn oy tercihlerinde etkilidir.;Baþarýlý;TP;;;;;
Gençler için sosyal medyanýn potansiyel riskleri nelerdir?;Siber zorbalýk, düþük özgüven, uyku problemleri ve dikkat daðýnýklýðý, gençlerin dijital platformlarda karþýlaþabileceði önemli tehlikeler arasýndadýr. Bu olumsuz etkiler, hem psikolojik hem de fiziksel saðlýk üzerinde olumsuz sonuçlar doðurabilir.;Baþarýsýz;FN;;;;;
Algoritmalar sosyal medyada gördüðümüz içeriði nasýl etkiliyor? ;Dijital platformlarda kullanýlan algoritmalar, kullanýcýlarýn ilgi alanlarýna ve etkileþimlerine göre içerik önerileri sunarak, her bireye özel bir deneyim yaratýr. Bu sistemler, kullanýcýlarýn en çok etkileþimde bulunduðu içerikleri öne çýkararak görünürlüðü artýrýr.;Baþarýlý;TP;;;;;
;Yaþlý insanlar sosyal medyayý kullanma ve uyum saðlama konusunda zorluklar yaþýyor.;Baþarýsýz;FP;;;;;
Çiçeklerin biyolojik iþlevleri nelerdir?;Bitkilerin üreme organlarý olarak görev yapan yapýlar, tohum oluþumunda rol oynar.;Baþarýsýz;FN;;;;;
Çiçeklerin evrimsel geliþimi nasýldýr?;Zamanla þekil ve yapý deðiþiklikleri, bitkilerin hayvanlarla simbiyotik iliþkiler kurmasýna yol açmýþtýr.;Baþarýsýz;FN;;;;;
Çiçeklerin renkleri ve kokularý ne iþe yarar?;Yeþil terapi olarak da bilinen uygulamalarda kullanýlan bitkiler, stres azaltýcý ve duygusal iyileþtirici özellikler taþýr.;Baþarýlý;TP;;;;;
Çiçeklerin saðlýk ve psikolojik faydalarý nelerdir?;Polen taþýma ve besin zincirinde kritik rol oynayan bitkiler, ekosistemin devamlýlýðýna katkýda bulunur.;Baþarýsýz;FN;;;;;
Çiçeklerin ticari üretimi ve ekonomiye katkýlarý nelerdir?;Çiçekler, kalýtsal materyallerin deðiþimi sayesinde yeni türlerin oluþmasýna katký saðlar.;Baþarýlý;TP;;;;;
Çiçeklerin kültürel ve tarihi önemi nedir?;Tarih boyunca bitkiler, dini törenlerden sanata kadar birçok kültürel etkinlikte önemli bir rol oynamýþtýr.;Baþarýsýz;FN;;;;;
Endemik çiçek türleri nelerdir ve neden önemlidir?;Kesme çiçekçilik ve süs bitkisi sektörü, büyük bir ekonomik deðer yaratýr.;Baþarýlý;TP;;;;;
Çiçekler ve biyolojik çeþitlilik arasýndaki iliþki nedir?;Bahar aylarýnda açan renkli çiçekler, park ve bahçelere canlýlýk katar.;Baþarýlý;TN;;;;;
Çiçeklerin genetik çeþitliliðe katkýlarý nelerdir?;Canlý renkler ve çekici aromalar, polen taþýyýcýlarýný cezbetmek için evrimleþmiþtir.;Baþarýlý;TP;;;;;
;Çiçekler, botanik bahçelerinde sergilenerek ziyaretçilere görsel bir þölen sunar.;Baþarýlý;TN;;;;;
Genetik mühendisliði nedir?;Yaþamýn temel yapý taþlarýný manipüle ederek canlýlarýn özelliklerini deðiþtirme süreci olarak tanýmlanabilir.;Baþarýlý;TP;;;;;
Genetik mühendisliðinin tarýmda kullanýmý nasýl bir etki yaratabilir?;Ürünlerin verimliliði ve dayanýklýlýðý artabilir. Zararlýlara karþý direnç geliþtirilmesi ve besin kalitesinin artýrýlmasý saðlanabilir.;Baþarýsýz;FN;;;;;
Genetik mühendisliði ile hastalýklarýn tedavi edilmesi mümkün mü?;Genetik materyalde yapýlan deðiþiklikler, bazý hastalýklarýn tedavisinde kullanýlabilir.;Baþarýlý;TP;;;;;
CRISPR-Cas9 teknolojisi nasýl çalýþýr ve potansiyel uygulamalarý nelerdir?;Belli DNA dizilerini hedef alarak kesme ve yeniden düzenleme iþlemi yapar. Genetik hastalýklarýn tedavisi ve tarýmsal ürünlerin geliþtirilmesi gibi alanlarda kullanýlabilir.;Baþarýlý;TP;;;;;
Genetik olarak deðiþtirilmiþ organizmalarýn (GDO) çevresel etkileri nelerdir?;Doðal ekosistemlerin dengesinin bozulmasýna neden olabilir. Bazý türlerin yayýlmasý ve diðerlerinin azalmasý gibi deðiþiklikler gözlemlenebilir.;Baþarýsýz;FN;;;;;
Genetik mühendisliðinin etik ve sosyal boyutlarý nelerdir?;Ýnsan haklarý, doða ve toplum üzerinde derin etkiler yaratabilir.;Baþarýsýz;FN;;;;;
Ýnsan genom projesi nedir ve genetik mühendisliði ile nasýl iliþkilidir?;Ýnsanlarýn genetik yapýsýný haritalandýran büyük bir araþtýrma projesidir. Genetik mühendislik çalýþmalarýna temel oluþturur ve ileri araþtýrmalara kapý açar.;Baþarýlý;TP;;;;;
Genetik mühendisliðinin gelecekteki potansiyel riskleri ve tehlikeleri nelerdir?;Biyolojik çeþitliliðin azalmasý gibi olumsuz sonuçlar doðurabilir.;Baþarýsýz;FN;;;;;
Genetik mühendisliði ile bireylerin fiziksel özelliklerinin deðiþtirilmesi mümkün mü?;Genetik teknikler ile göz rengi, boy, kas kütlesi gibi özellikler üzerinde deðiþiklikler saðlanabilir.;Baþarýlý;TP;;;;;
;Deniz ekosistemlerinin korunmasý, biyolojik çeþitliliðin sürdürülebilirliði açýsýndan kritik öneme sahiptir.;Baþarýlý;TN;;;;;
Büyük veri nedir?;Devasa veri kümeleri, dijital çaðda iþlenen büyük miktarda bilgiyi ifade eder.;Baþarýlý;TP;;;;;
Büyük veri'nin temel özellikleri nelerdir?;Bu veri türü, hacim, çeþitlilik ve hýz gibi özelliklere sahip olmasýyla bilinir.;Baþarýlý;TP;;;;;
Büyük veri'nin kaynaklarý nelerdir?;Farklý kaynaklardan elde edilen bu veriler, sosyal medya platformlarý, sensörler ve internet gibi çeþitli kanallardan gelir.;Baþarýlý;TP;;;;;
Büyük veri analizinde kullanýlan teknikler nelerdir?;Karmaþýk algoritmalar ve yapay zeka, bu veri türünün analizinde sýklýkla kullanýlýr.;Baþarýlý;TP;;;;;
Büyük veri'nin iþ dünyasýndaki önemi nedir?;Ýþletmeler, bu veri kümelerini kullanarak müþteri davranýþlarýný analiz eder ve stratejilerini geliþtirir.;Baþarýlý;TP;;;;;
Büyük veri'nin saðlýk sektöründeki uygulamalarý nelerdir?;Saðlýk alanýnda, bu tür veriler hastalýklarýn erken teþhisi ve tedavisinde kullanýlýr.;Baþarýlý;TP;;;;;
Büyük veri'nin sosyal medyadaki rolü nedir?;Sosyal aðlarda, kullanýcý davranýþlarýný analiz ederek reklam hedeflemeyi optimize eder.;Baþarýlý;TP;;;;;
Büyük veri'nin güvenlik ve gizlilik sorunlarý nelerdir?;Veri güvenliði ve mahremiyet, bu büyük bilgi yýðýnlarýnýn yönetiminde kritik konular arasýndadýr;Baþarýlý;TP;;;;;
Büyük veri'nin geleceði ve potansiyel trendleri nelerdir?;Ýlerleyen zamanda, bu veri türünün daha da büyüyeceði ve yeni analiz tekniklerinin geliþeceði öngörülmektedir.;Baþarýlý;TP;;;;;
;Büyük veri, bilimsel araþtýrmalarda öngörülemeyen yeni keþiflere kapý açabilir.;Baþarýsýz;FP;;;;;
Siber güvenlik nedir?;Dijital dünyadaki sistemleri, aðlarý ve verileri korumaya yönelik uygulamalardýr.;Baþarýlý;TP;;;;;
Siber güvenlik tehditleri nelerdir?;Kötü niyetli kiþilerin dijital sistemlere zarar vermek için kullandýðý yöntemlerdir.;Baþarýlý;TP;;;;;
Bilgisayar korsanlarý hangi yöntemlerle saldýrýlar düzenler?;Bilgisayarlara ve aðlara sýzmak için çeþitli yöntemler ve araçlar kullanýrlar.;Baþarýlý;TP;;;;;
Kötü amaçlý yazýlýmlar nasýl çalýþýr ve nasýl tespit edilir?;Zararlý yazýlýmlar, sistemlere sýzarak çeþitli hasarlara yol açar ve özel yazýlýmlarla tespit edilir.;Baþarýlý;TP;;;;;
Þirketler siber saldýrýlardan nasýl korunur?;Teknolojik savunma sistemleri ve güvenlik protokolleri kullanarak korunma saðlanýr.;Baþarýsýz;FN;;;;;
Güçlü þifre oluþturma ve yönetme teknikleri nelerdir?;Karmaþýk karakterler içeren uzun parolalar oluþturmak ve düzenli olarak deðiþtirmek önemlidir.;Baþarýlý;TP;;;;;
Firewall ve antivirüs yazýlýmlarý nasýl çalýþýr?;Bu yazýlýmlar, að trafiðini kontrol ederek zararlý aktiviteleri engeller.;Baþarýlý;TP;;;;;
Yapay zeka siber güvenlikte nasýl kullanýlýr?;Makine öðrenimi algoritmalarý, tehditleri tespit etmek ve engellemek için kullanýlýr.;Baþarýlý;TP;;;;;
Sosyal mühendislik saldýrýlarý nelerdir ve nasýl korunulur?;Ýnsanlarý manipüle ederek gizli bilgileri elde etmeye çalýþýrlar.;Baþarýlý;TP;;;;;
;Teknolojik geliþmeler, siber tehditlere karþý alýnan önlemleri daha etkili hale getirmektedir.;Baþarýsýz;FP;;;;;
Makine öðrenmesi nedir?;Bilgisayarlarýn, insan müdahalesi olmadan deneyimlerden öðrenme yeteneðidir.;Baþarýlý;TP;;;;;
Denetimli öðrenme nedir?;Etiketli veri setleri kullanýlarak model eðitimi yapýlýr.Girdi-çýktý çiftleri kullanýlarak tahmin modelleri oluþturulur.;Baþarýsýz;FN;;;;;
Denetimsiz öðrenme nedir?;Verilerdeki gizli kalýplarý ve gruplarý keþfetmeyi amaçlayan bir tekniktir. Etiketlenmemiþ veriler üzerinde analiz yaparak iliþkiler belirler.;Baþarýlý;TP;;;;;
Pekiþtirmeli öðrenme nedir?;Ajanlarýn ödül ve ceza mekanizmalarý ile öðrenme sürecini optimize ettiði bir tekniktir. Ajanlarýn deneme-yanýlma yoluyla en iyi stratejiyi öðrenmesini saðlayan bir yöntemdir.;Baþarýsýz;FN;;;;;
Makine öðrenmesinde kullanýlan algoritmalar nelerdir?;Karar aðaçlarý ve k-en yakýn komþu gibi yöntemler yaygýn olarak kullanýlýr. Destek vektör makineleri ve regresyon teknikleri sýklýkla tercih edilir.;Baþarýlý;TP;;;;;
Doðal dil iþleme ve makine öðrenmesi arasýndaki iliþki nedir?;Metin ve konuþma verilerinin analizi için makine öðrenmesi teknikleri kullanýlýr. Dil verilerini anlamak ve iþlemek için yapay zeka yöntemleri uygulanýr.;Baþarýlý;TP;;;;;
Makine öðrenmesi hangi sektörlerde kullanýlýr?;Finans, saðlýk ve perakende gibi çeþitli alanlarda uygulanýr. Eðitim, tarým ve enerji sektörlerinde de önemli kullaným alanlarý vardýr.;Baþarýlý;TP;;;;;
Makine öðrenmesinin temel türleri nelerdir?;Öðrenme yöntemleri, denetimli, denetimsiz ve pekiþtirmeli olmak üzere üç ana kategoriye ayrýlýr. Farklý veri türlerine göre sýnýflandýrýlan çeþitli öðrenme teknikleri mevcuttur.;Baþarýsýz;FN;;;;;
Makine öðrenmesinin saðlýk sektöründeki uygulamalarý nelerdir?;Týbbi görüntülerin analizi ve hastalýk teþhisinde kullanýlýr. Hasta verilerinin yorumlanmasý ve tedavi planlamasýnda önemli rol oynar.;Baþarýlý;TP;;;;;
;Oyun sektörü, makine öðrenmesi tekniklerini daha etkileþimli ve gerçekçi oyun deneyimleri sunmak için kullanýr.;Baþarýlý;TN;;;;;
Yapay zeka baðýmlýlýðý nedir?;Dijital asistanlar ve otomatik sistemlere aþýrý derecede baðlýlýk olarak tanýmlanabilir. Akýllý yazýlýmlarýn günlük yaþamda gereðinden fazla kullanýmý ile karakterizedir.;Baþarýlý;TP;;;;;
Yapay zeka baðýmlýlýðýnýn belirtileri nelerdir?;Dijital cihazlardan ayrýlamama ve sürekli olarak bu teknolojilere yönelme durumudur. Teknolojik sistemlere eriþim olmadýðýnda huzursuz ve gergin hissetme hali gözlemlenir.;Baþarýlý;TP;;;;;
Yapay zeka baðýmlýlýðý nasýl geliþir?;Teknoloji kullanýmýnýn artmasý ve dijital araçlara olan güvenin yükselmesiyle oluþur. Günlük yaþamýn dijital sistemler etrafýnda þekillenmesiyle ortaya çýkar.;Baþarýlý;TP;;;;;
Yapay zeka baðýmlýlýðýnýn psikolojik etkileri nelerdir?;Ruh saðlýðý sorunlarýna yol açabilir, bu durum depresyon ve anksiyete ile kendini gösterebilir. Sosyal izolasyon ve yalnýzlýk hissini artýrabilir.;Baþarýsýz;FN;;;;;
Yapay zeka baðýmlýlýðý nasýl önlenir?;Teknoloji kullanýmýný sýnýrlandýrarak ve dengeli bir yaþam tarzý benimseyerek önlenebilir. Dijital detoks uygulamalarý ve teknoloji kullanýmýna bilinçli yaklaþým önemlidir.;Baþarýlý;TP;;;;;
Yapay zeka baðýmlýlýðý ile teknoloji baðýmlýlýðý arasýndaki farklar nelerdir?;Akýllý sistemlere aþýrý baðlýlýk, spesifik olarak otomatik yazýlýmlarla ilgili baðýmlýlýðý ifade eder. Genel olarak dijital cihazlara ve internete olan baðýmlýlýðý kapsar.;Baþarýsýz;FN;;;;;
Yapay zeka baðýmlýlýðý ve sosyal iliþkiler üzerindeki etkileri nelerdir?;Sosyal etkileþimleri azaltarak yalnýzlýk hissini artýrabilir. Gerçek dünyadaki insan iliþkilerini zayýflatabilir.;Baþarýlý;TP;;;;;
Yapay zeka baðýmlýlýðý ve akademik baþarý arasýndaki iliþki nedir?;Yoðun teknoloji kullanýmý, ders çalýþma süresini ve verimliliði olumsuz etkileyebilir. Dijital araçlarýn aþýrý kullanýmý, konsantrasyon ve odaklanma problemlerine yol açabilir.;Baþarýsýz;FN;;;;;
Yapay zeka baðýmlýlýðý ve saðlýk üzerindeki fiziksel etkileri nelerdir?;Uzun süre ekran baþýnda kalmak, göz yorgunluðu ve uyku sorunlarýna neden olabilir. Fiziksel aktivitenin azalmasý, obezite ve diðer saðlýk sorunlarýna yol açabilir.;Baþarýlý;TP;;;;;
;Dijital baðýmlýlýk, modern çaðýn en büyük sorunlarýndan biri haline gelmiþtir. Teknoloji kullanýmý arttýkça, baðýmlýlýkla ilgili farkýndalýk oluþturmak önem kazanmýþtýr.;Baþarýsýz;FP;;;;;
Türkiye'de en sýk deprem yaþanan bölgeler hangileridir?;Marmara, Ege ve Doðu Anadolu bölgeleri sismik aktivitenin yoðun olduðu alanlardýr.;Baþarýlý;TP;;;;;
Türkiye'deki büyük depremler ve tarihleri nelerdir?;1999 Gölcük olayý büyük yýkýma neden olmuþtur.;Baþarýlý;TP;;;;;
Türkiye'de deprem erken uyarý sistemleri nasýl çalýþýr?;Sismik aktiviteleri algýlayan sensörler uyarý sinyalleri gönderir.;Baþarýlý;TP;;;;;
Türkiye'de binalarýn deprem güvenliði nasýl saðlanýr?;Depreme dayanýklý tasarým ve mühendislik uygulamalarý ile güvenlik saðlanýr.;Baþarýlý;TP;;;;;
Türkiye'de deprem sonrasý ilk yapýlmasý gerekenler nelerdir?;Güvenli bir alana çýkmak ve acil durum çantasý hazýrlamak önemlidir.;Baþarýsýz;FN;;;;;
Türkiye'de deprem sigortasý neden önemlidir?;Maddi kayýplarýn karþýlanmasý için sigorta kritik öneme sahiptir.;Baþarýsýz;FN;;;;;
Türkiye'de depreme karþý alýnan yasal önlemler nelerdir?;Yapý denetim kanunlarý, güvenlik standartlarýnýn uygulanmasýný zorunlu kýlar.;Baþarýlý;TP;;;;;
Deprem anýnda güvenli bir þekilde nasýl hareket edilir?;Açýk alanlara çýkmak ve binalardan uzak durmak güvenli hareket etmenin bir parçasýdýr.;Baþarýsýz;FN;;;;;
Türkiye'deki deprem bölgelerinde yapý denetimleri nasýl yapýlýr?;Ýnþaat aþamasýnda sýký denetimler yapýlarak yapýlarýn saðlamlýðý kontrol edilir.;Baþarýsýz;FN;;;;;
;Deprem kuþaðýnda yer alan ülkeler, risk yönetimi stratejilerini sürekli güncellemektedir.;Baþarýlý;TN;;;;;
Online eðitimin avantajlarý nelerdir?;Öðrenciler, sosyal etkileþimlerden mahrum kalabilirler.;Baþarýsýz;FP;;;;;
Uzaktan eðitimde kullanýlan teknolojiler nelerdir?;Teknolojik altyapý sorunlarý, eðitim sürecini aksatabilir.;Baþarýsýz;FP;;;;;
Online eðitimde öðrenci motivasyonu nasýl artýrýlýr?;Ýnternet baðlantýsýnýn yetersiz olduðu bölgelerde online eðitim zorlaþýr.;Baþarýlý;TN;;;;;
Uzaktan eðitimde deðerlendirme yöntemleri nelerdir?;Online ders materyallerinin hazýrlanmasý zaman alýcý olabilir.;Baþarýlý;TN;;;;;
Uzaktan eðitimde öðretmenlerin rolü nedir?;Öðrencilerin dikkatini toplamak ve derslere katýlýmýný saðlamak daha zor olabilir.;Baþarýsýz;FP;;;;;
Online eðitimde kalite nasýl saðlanýr?;Eðitim sürecinde teknolojiye aþina olmayan öðrenciler zorlanabilir.;Baþarýsýz;FP;;;;;
Uzaktan eðitimde öðrenci destek hizmetleri nelerdir?;Online eðitim, öðretmenler için öðrencilere kýyasla daha zararlý bir sistemdir.;Baþarýlý;TN;;;;;
Uzaktan eðitimde grup çalýþmalarý nasýl yönetilir?;Online eðitimde bazý öðrenciler, bireysel öðrenme stillerine uygun materyallere eriþim bulamayabilir.;Baþarýsýz;FP;;;;;
Online eðitimde veri güvenliði nasýl saðlanýr?;Yüz yüze eðitim en baþarýlý öðretim sistemidir.;Baþarýlý;TN;;;;;
;Derslere ilgi duyan öðrenciler genellikle baþarýlýlardýr.;Baþarýlý;TN;;;;;
Sürdürülebilir tarýmýn temel ilkeleri nelerdir?;Tarýmsal faaliyetler ülkeye siyasi hizmet sunmaktadýrlar.;Baþarýlý;TN;;;;;
Organik tarým ile sürdürülebilir tarým arasýndaki farklar nelerdir?;Tarýmsal ürünlerin iþlenmesi sýrasýnda enerji tasarrufu saðlanabilir.;Baþarýlý;TN;;;;;
Tarýmda sürdürülebilirlik uygulamalarýnýn çevresel etkileri nelerdir?;Çiftçiler, topraðýn doðal yapýsýný koruyarak tarým yapabilirler.;Baþarýlý;TN;;;;;
Sürdürülebilir tarýmýn ekonomik avantajlarý nelerdir?;Sismik aktiviteler sürdürülebilir tarýmda zarara yol açmaktadýrlar.;Baþarýlý;TN;;;;;
Tarýmda biyolojik çeþitliliði artýrmanýn yollarý nelerdir?;Sürdürülebilir tarým uygulamalarý, çiftçilere eðitim ve kaynak saðlamakla baþlar.;Baþarýlý;TN;;;;;
Sürdürülebilir tarým uygulamalarýnda kullanýlan teknolojiler nelerdir?;Online eðitim sürdürülebilir tarýmýn en etkili öðretildiði eðitim sistemidir.;Baþarýlý;TN;;;;;
Sürdürülebilir tarýmýn sosyal etkileri nelerdir?;Tüketici haklarý sürdürülebilir tarýmý da kapsamaktadýr.;Baþarýlý;TN;;;;;
Sürdürülebilir tarým politikalarý nasýl oluþturulur?;Türkiye tarým açýsýndan verimli topraklara sahiptir.;Baþarýlý;TN;;;;;
Sürdürülebilir tarýmda su yönetimi nasýl yapýlýr?;Tarýmsal ürünlerin tüketiminde geri dönüþüm yöntemleri kullanýlabilir.;Baþarýlý;TN;;;;;
;Sürdürülebilir tarým, yerel ekosistemleri korur.;Baþarýsýz;FP;;;;;
Gelecekte arabalarýn yakýt türlerinde nasýl deðiþiklikler bekleniyor?;Hydrogen fuel cell vehicles (FCV), hidrojen gazýný elektrik üretmek için kullanýr ve su buharý dýþýnda emisyon üretmez.;Baþarýlý;TN;;;;;
Baþlýca araba türleri ve bunlarýn birincil kullanýmlarý nelerdir?;Mikro hibritler, enerji geri kazaným sistemleri ile donatýlmýþtýr ve kýsa süreli duraklamalar sýrasýnda motoru kapatarak yakýt tasarrufu saðlar.;Baþarýsýz;FP;;;;;
Ýçten yanmalý motorlar nasýl çalýþýr?;Sport Utility Vehicles (SUV), yüksek oturma pozisyonu ve geniþ iç mekanýyla özellikle büyük aileler için popülerdir.;Baþarýlý;TN;;;;;
Elektrikli araçlarýn (EV) avantajlarý ve dezavantajlarý nelerdir?;Crossovers, SUV ve binek araç özelliklerini birleþtirir, genellikle þehir içi kullaným için tercih edilir.;Baþarýlý;TN;;;;;
Arabalardaki güvenlik özellikleri yýllar içinde nasýl geliþti?;Coupe, genellikle iki kapýlý ve sportif tasarýmlý araçlar olup, performans ve stil arayan sürücüler tarafýndan tercih edilir. ;Baþarýsýz;FP;;;;;
Aerodinamik otomobil tasarýmýnda nasýl bir rol oynuyor?;Minivans, özellikle aileler için geniþ iç mekan ve çok sayýda koltuk sunar, uzun yolculuklar ve büyük gruplar için idealdir.;Baþarýlý;TN;;;;;
Otonom sürüþ teknolojisinin otomotiv sektörüne etkisi nedir?;Plug-in hibrit araçlar, hem elektrikli hem de benzinli sürüþ modlarýna sahiptir, böylece menzil kaygýsýný azaltýr. ;Baþarýsýz;FP;;;;;
Geleneksel ve elektrikli arabalarýn çevresel etkileri nelerdir?;Araçlardaki GPS navigasyon sistemleri, sürücülere doðru yönlendirmeler saðlayarak yolculuklarý kolaylaþtýrýr. ;Baþarýlý;TN;;;;;
Otomobil üretim teknolojisi son yýllarda nasýl geliþti?;LED farlar, geleneksel ampullere göre daha parlak ve enerji verimlidir.;Baþarýlý;TN;;;;;
;Süspansiyon sistemi, sürüþ konforunu artýrarak yolun düzensizliklerini emmeye yardýmcý olur.;Baþarýlý;TN;;;;;
En ünlü müzeler hangileridir?;Sanat eserleri genellikle doðrudan sanatçýdan satýn alýnýr.;Baþarýlý;TN;;;;;
Bir müzenin amacý nedir?;Sanat eserlerinin restorasyonu, uzmanlýk gerektiren bir süreçtir.;Baþarýlý;TN;;;;;
Müzelerde hangi tür koleksiyonlar bulunur?;Müze maðazalarý genellikle hatýra eþyalarý ve kitaplar satar.;Baþarýlý;TN;;;;;
Müze ziyaretçilerine sunulan hizmetler nelerdir?;Müzelerin pazarlama stratejileri, ziyaretçi sayýlarýný artýrmayý hedefler.;Baþarýsýz;FP;;;;;
Müzelerin tarihsel geliþimi nasýl olmuþtur?;Müze giriþ ücretleri, genellikle yetiþkinler ve çocuklar için farklý olabilir.;Baþarýlý;TN;;;;;
Müzeler eðitim alanýnda nasýl bir rol oynar?;Müze veritabanlarý, koleksiyonlarýn dijital olarak yönetilmesini saðlar.;Baþarýsýz;FP;;;;;
Dijital müzecilik nedir ve ne gibi avantajlar sunar?;Müze arþivleri, araþtýrmacýlar için önemli kaynaklar sunar;Baþarýlý;TN;;;;;
Bir müzeyi ziyaret ederken nelere dikkat edilmelidir?;Müzeler ekonomik açýdan ülke için önemlidir.;Baþarýlý;TN;;;;;
Müze koleksiyonlarýnýn korunmasý nasýl saðlanýr?;Müze binalarý, mimari açýdan da ilgi çekici olabilir.;Baþarýlý;TN;;;;;
;Sanat eserlerinin sigortalanmasý, müze yönetimi için önemlidir.;Baþarýlý;TN;;;;;
Ýslam'ýn Beþ Þartý ve önemi nedir?;Ýslamiyet, tek Tanrý inancýna dayalý olan en büyük üç dinden biridir.;Baþarýsýz;FP;;;;;
Hz.Muhammed kimdir ve Ýslam'daki rolü nedir?;Ýslam, Arap Yarýmadasý'nda 7. yüzyýlda ortaya çýkmýþtýr.;Baþarýsýz;FP;;;;;
Kuran nedir ve Müslümanlar için neden önemlidir?;Ýslam'da Allah'ýn 99 güzel ismi (Esmaül Hüsna) vardýr.;Baþarýlý;TN;;;;;
Ramazan ayýnýn Müslümanlar için önemi nedir?;Müslümanlar, Mekke ve Medine þehirlerini kutsal kabul ederler.;Baþarýsýz;FP;;;;;
Müslümanlar günlük hayatta inançlarýný nasýl yaþýyorlar?;Ýslam sanatýnda geometrik desenler ve hat sanatý yaygýn olarak kullanýlýr. ;Baþarýlý;TN;;;;;
Ýslam'da cihat kavramý nedir?;Ýslamiyet, ibadet, ahlak, sosyal hayat ve ekonomi gibi konularda detaylý rehberlik saðlar. ;Baþarýsýz;FP;;;;;
Sünni Ýslam ile Þii Ýslam arasýndaki temel farklar nelerdir?;Ýslam hukukunda (Þeriat), bireyler ve toplumlar arasý iliþkiler düzenlenir. ;Baþarýlý;TN;;;;;
Ýslami öðretiler sosyal adaleti ve insan haklarýný nasýl ele alýyor?;Hýristiyanlýkta Hz Ýsa'nýn öðretileri, dini þekillendirir.;Baþarýlý;TN;;;;;
Ýslam'ýn farklý mezhepleri nelerdir ve bu mezheplerin birbirinden farklý yönleri nelerdir?;Ýslam, Avrupa, Asya ve Afrika'ya kýsa sürede yayýlmýþtýr.;Baþarýlý;TN;;;;;
;Emeviler ve Abbasiler erken dönem müslümanlýðýn 2 önemli devletidir.;Baþarýlý;TN;;;;;
Psikolojinin ana dallarý ve odak noktalarý nelerdir?;Hikaye anlatýmý, bilgi iletmenin etkili bir yolu olabilir ve insanlar arasýnda empatiyi artýrabilir.;Baþarýlý;TN;;;;;
Doða ve yetiþtirme insan davranýþýný nasýl etkiler?;Bir sanat eserinin estetik deðeri kiþisel deneyimlere ve kültürel arka plana göre deðiþebilir.;Baþarýlý;TN;;;;;
En sýk görülen ruh saðlýðý bozukluklarý ve belirtileri nelerdir?;Bir kiþinin fiziksel saðlýðý, ruhsal saðlýðýný etkileyebilir, ancak bu etki kiþiden kiþiye farklýlýk gösterebilir;Baþarýlý;TN;;;;;
Stres zihni ve bedeni nasýl etkiler?;Günlük tutmak, kiþisel farkýndalýðý artýrabilir ve düþünceleri düzenlemeye yardýmcý olabilir.;Baþarýlý;TN;;;;;
Psikoloji biliminin tarihi nedir?;Bir bireyin yaþam tarzý, genel saðlýðý üzerinde önemli bir etkiye sahip olabilir. ;Baþarýlý;TN;;;;;
Psikologlar kiþiliði nasýl ölçer?;Müzik, bireylerin ruh halini etkileyebilir ve rahatlama saðlayabilir.;Baþarýlý;TN;;;;;
Erken çocukluk deneyiminin daha sonraki psikolojik geliþim üzerinde nasýl bir etkisi vardýr?;Teknoloji kullaným alýþkanlýklarý, bireylerin sosyal etkileþim biçimlerini deðiþtirebilir.;Baþarýlý;TN;;;;;
Psikolojik terapinin farklý türleri ve etkinlikleri nelerdir?;Psikolog olabilmek ve ruhsal hastalýðý olan kiþilere profesyonel danýþmanlýk verebilmek için 4 yýllýk bir üniversitenin psikoloji bölümünden mezun olmak gerekmektedir. ;Baþarýsýz;FP;;;;;
Ýnsan psikolojisinde sosyal etkileþimlerin rolü nedir?;Yazýlý iletiþim, bireylerin düþüncelerini ifade etme ve paylaþma þekillerini etkileyebilir. ;Baþarýlý;TN;;;;;
;Eðitimde kullanýlan öðretim yöntemleri, öðrencilerin öðrenme süreçlerini ve baþarýlarýný etkileyebilir. ;Baþarýlý;TN;;;;;
Geleceðin iþ dünyasýnda hangi beceriler en deðerli olacaktýr?;Çalýþanlarýn verimliliði artýrmak için çeþitli motivasyon teknikleri kullanýlýyor.;Baþarýlý;TN;;;;;
Uzaktan çalýþma modelinin geleceði nedir?;Þirketlerin büyümesi için yenilikçi iþ modellerine ihtiyaç duyuluyor.;Baþarýlý;TN;;;;;
Yapay zekanýn iþ dünyasýndaki rolü nedir?;Ýþ yerlerinde liderlik ve yöneticilik becerileri önem kazanmaya devam ediyor.;Baþarýlý;TN;;;;;
Gelecekte iþ gücü piyasasýnda hangi sektörler büyüme gösterecektir?;Küresel pazarlarda rekabet edebilmek için stratejik planlamalar yapýlýyor.;Baþarýlý;TN;;;;;
Çalýþma alanlarýndaki dijital dönüþüm nasýl gerçekleþiyor?;Ýþ dünyasýnda sürekli öðrenme ve geliþim fýrsatlarý saðlanýyor.;Baþarýsýz;FP;;;;;
Gelecekte çalýþanlarýn saðlýðý ve refahý nasýl korunacak?;Modern ofis tasarýmlarý, çalýþanlarýn konforunu ve verimliliðini artýrýyor.;Baþarýsýz;FP;;;;;
Yeni teknolojilerin iþ dünyasýnda nasýl bir etkisi olacaktýr?;Þirket kültürü, çalýþan baðlýlýðýný ve memnuniyetini etkileyen önemli bir faktördür.;Baþarýlý;TN;;;;;
Gelecekte iþ yerlerinde çeþitlilik ve kapsayýcýlýk nasýl saðlanacak?;Çalýþanlarýn kariyer geliþiminde mentorluk programlarý etkili oluyor.;Baþarýlý;TN;;;;;
Çevre dostu iþ uygulamalarý gelecekte nasýl yaygýnlaþacak?;Ýþ yerlerinde takým çalýþmasý ve iþ birliði, baþarý için kritik öneme sahiptir.;Baþarýlý;TN;;;;;
;Þirket içi iletiþim, verimli ve etkili iþ süreçlerinin anahtarýdýr.;Baþarýlý;TN;;;;;
;;;;;;;;
;;;;;;;;
;;;;;;;;
;;;;;;;;
;;;;;;;;
;;;;;;;;
;;;;;;;;
;;;;;;;;
;;;;;;;;
;;;;;;;;
;;;;;;;;
;;;;;;;;
;;;;;;;;
;;;;;;;;
;;;;;;;;
;;;;;;;;
;;;;;;;;
;;;;;;;;
;;;;;;;;
;;;;;;;;
;;;;;;;;
;;;;;;;;
;;;;;;;;
;;;;;;;;
;;;;;;;;
;;;;;;;;
;;;;;;;;
;;;;;;;;
;;;;;;;;
;;;;;;;;
;;;;;;;;
;;;;;;;;
;;;;;;;;
;;;;;;;;
;;;;;;;;
;;;;;;;;
;;;;;;;;
;;;;;;;;
;;;;;;;;
;;;;;;;;
;;;;;;;;
;;;;;;;;
;;;;;;;;
;;;;;;;;
;;;;;;;;
;;;;;;;;
;;;;;;;;
;;;;;;;;
;;;;;;;;
;;;;;;;;
;;;;;;;;
;;;;;;;;
;;;;;;;;
;;;;;;;;
;;;;;;;;
;;;;;;;;
;;;;;;;;
;;;;;;;;
;;;;;;;;
;;;;;;;;
;;;;;;;;
;;;;;;;;
;;;;;;;;
;;;;;;;;
;;;;;;;;
;;;;;;;;
;;;;;;;;
;;;;;;;;
;;;;;;;;
;;;;;;;;
;;;;;;;;
;;;;;;;;
;;;;;;;;
;;;;;;;;
;;;;;;;;
;;;;;;;;
;;;;;;;;
;;;;;;;;
;;;;;;;;
;;;;;;;;
;;;;;;;;
;;;;;;;;
;;;;;;;;
;;;;;;;;
;;;;;;;;
;;;;;;;;
;;;;;;;;
;;;;;;;;
;;;;;;;;
;;;;;;;;
;;;;;;;;
;;;;;;;;
;;;;;;;;
;;;;;;;;
;;;;;;;;
;;;;;;;;
;;;;;;;;
;;;;;;;;
;;;;;;;;
;;;;;;;;
;;;;;;;;
;;;;;;;;
;;;;;;;;
;;;;;;;;
;;;;;;;;
;;;;;;;;
;;;;;;;;
;;;;;;;;
;;;;;;;;
;;;;;;;;
;;;;;;;;
;;;;;;;;
;;;;;;;;
;;;;;;;;
;;;;;;;;
;;;;;;;;
;;;;;;;;
;;;;;;;;
;;;;;;;;
;;;;;;;;
;;;;;;;;
;;;;;;;;
;;;;;;;;
;;;;;;;;
;;;;;;;;
;;;;;;;;
;;;;;;;;
;;;;;;;;
;;;;;;;;
;;;;;;;;
;;;;;;;;
;;;;;;;;
;;;;;;;;
;;;;;;;;
;;;;;;;;
;;;;;;;;
;;;;;;;;
;;;;;;;;
;;;;;;;;
;;;;;;;;
;;;;;;;;
;;;;;;;;
;;;;;;;;
;;;;;;;;
;;;;;;;;
;;;;;;;;
;;;;;;;;
;;;;;;;;
;;;;;;;;
;;;;;;;;
;;;;;;;;
;;;;;;;;
;;;;;;;;
;;;;;;;;
;;;;;;;;
;;;;;;;;
;;;;;;;;
;;;;;;;;
;;;;;;;;
;;;;;;;;
;;;;;;;;
;;;;;;;;
;;;;;;;;
;;;;;;;;
;;;;;;;;
;;;;;;;;
;;;;;;;;
;;;;;;;;
;;;;;;;;
;;;;;;;;
;;;;;;;;
;;;;;;;;
;;;;;;;;
;;;;;;;;
;;;;;;;;
;;;;;;;;
;;;;;;;;
;;;;;;;;
;;;;;;;;
;;;;;;;;
;;;;;;;;
;;;;;;;;
;;;;;;;;
;;;;;;;;
;;;;;;;;
;;;;;;;;
;;;;;;;;
;;;;;;;;
;;;;;;;;
;;;;;;;;
;;;;;;;;
;;;;;;;;
;;;;;;;;
;;;;;;;;
;;;;;;;;
;;;;;;;;
;;;;;;;;
;;;;;;;;
;;;;;;;;
;;;;;;;;
;;;;;;;;
;;;;;;;;
;;;;;;;;
;;;;;;;;
;;;;;;;;
;;;;;;;;
;;;;;;;;
;;;;;;;;
;;;;;;;;
;;;;;;;;
;;;;;;;;
;;;;;;;;
;;;;;;;;
;;;;;;;;
;;;;;;;;
;;;;;;;;
;;;;;;;;
;;;;;;;;
;;;;;;;;
;;;;;;;;
;;;;;;;;
;;;;;;;;
;;;;;;;;
;;;;;;;;
;;;;;;;;
;;;;;;;;
;;;;;;;;
;;;;;;;;
;;;;;;;;
;;;;;;;;
;;;;;;;;
;;;;;;;;
;;;;;;;;
;;;;;;;;
;;;;;;;;
;;;;;;;;
;;;;;;;;
;;;;;;;;
;;;;;;;;
;;;;;;;;
;;;;;;;;
;;;;;;;;
;;;;;;;;
;;;;;;;;
;;;;;;;;
;;;;;;;;
;;;;;;;;
;;;;;;;;
;;;;;;;;
;;;;;;;;
;;;;;;;;
;;;;;;;;
;;;;;;;;
;;;;;;;;
;;;;;;;;
;;;;;;;;
;;;;;;;;
;;;;;;;;
;;;;;;;;
;;;;;;;;
;;;;;;;;
;;;;;;;;
;;;;;;;;
;;;;;;;;
;;;;;;;;
;;;;;;;;
;;;;;;;;
;;;;;;;;
;;;;;;;;
;;;;;;;;
;;;;;;;;
;;;;;;;;
;;;;;;;;
;;;;;;;;
;;;;;;;;
;;;;;;;;
;;;;;;;;
;;;;;;;;
;;;;;;;;
;;;;;;;;
;;;;;;;;
;;;;;;;;
;;;;;;;;
;;;;;;;;
;;;;;;;;
;;;;;;;;
;;;;;;;;
;;;;;;;;
;;;;;;;;
;;;;;;;;
;;;;;;;;
;;;;;;;;
;;;;;;;;
;;;;;;;;
;;;;;;;;
;;;;;;;;
;;;;;;;;
;;;;;;;;
;;;;;;;;
;;;;;;;;
;;;;;;;;
;;;;;;;;
;;;;;;;;
;;;;;;;;
;;;;;;;;
;;;;;;;;
;;;;;;;;
;;;;;;;;
;;;;;;;;
;;;;;;;;
;;;;;;;;
;;;;;;;;
;;;;;;;;
;;;;;;;;
;;;;;;;;
;;;;;;;;
;;;;;;;;
;;;;;;;;
;;;;;;;;
;;;;;;;;
;;;;;;;;
;;;;;;;;
;;;;;;;;
;;;;;;;;
;;;;;;;;
;;;;;;;;
;;;;;;;;
;;;;;;;;
;;;;;;;;
;;;;;;;;
;;;;;;;;
;;;;;;;;
;;;;;;;;
;;;;;;;;
;;;;;;;;
;;;;;;;;
;;;;;;;;
;;;;;;;;
;;;;;;;;
;;;;;;;;
;;;;;;;;
;;;;;;;;
;;;;;;;;
;;;;;;;;
;;;;;;;;
;;;;;;;;
;;;;;;;;
;;;;;;;;
;;;;;;;;
;;;;;;;;
;;;;;;;;
;;;;;;;;
;;;;;;;;
;;;;;;;;
;;;;;;;;
;;;;;;;;
;;;;;;;;
;;;;;;;;
;;;;;;;;
;;;;;;;;
;;;;;;;;
;;;;;;;;
;;;;;;;;
;;;;;;;;
;;;;;;;;
;;;;;;;;
;;;;;;;;
;;;;;;;;
;;;;;;;;
;;;;;;;;
;;;;;;;;
;;;;;;;;
;;;;;;;;
;;;;;;;;
;;;;;;;;
;;;;;;;;
;;;;;;;;
;;;;;;;;
;;;;;;;;
;;;;;;;;
;;;;;;;;
;;;;;;;;
;;;;;;;;
;;;;;;;;
;;;;;;;;
;;;;;;;;
;;;;;;;;
;;;;;;;;
;;;;;;;;
;;;;;;;;
;;;;;;;;
;;;;;;;;
;;;;;;;;
;;;;;;;;
;;;;;;;;
;;;;;;;;
;;;;;;;;
;;;;;;;;
;;;;;;;;
;;;;;;;;
;;;;;;;;
;;;;;;;;
;;;;;;;;
;;;;;;;;
;;;;;;;;
;;;;;;;;
;;;;;;;;
;;;;;;;;
;;;;;;;;
;;;;;;;;
;;;;;;;;
;;;;;;;;
;;;;;;;;
;;;;;;;;
;;;;;;;;
;;;;;;;;
;;;;;;;;
;;;;;;;;
;;;;;;;;
;;;;;;;;
;;;;;;;;
;;;;;;;;
;;;;;;;;
;;;;;;;;
;;;;;;;;
;;;;;;;;
;;;;;;;;
;;;;;;;;
;;;;;;;;
;;;;;;;;
;;;;;;;;
;;;;;;;;
;;;;;;;;
;;;;;;;;
;;;;;;;;
;;;;;;;;
;;;;;;;;
;;;;;;;;
;;;;;;;;
;;;;;;;;
;;;;;;;;
;;;;;;;;
;;;;;;;;
;;;;;;;;
;;;;;;;;
;;;;;;;;
;;;;;;;;
;;;;;;;;
;;;;;;;;
;;;;;;;;
;;;;;;;;
;;;;;;;;
;;;;;;;;
;;;;;;;;
;;;;;;;;
;;;;;;;;
;;;;;;;;
;;;;;;;;
;;;;;;;;
;;;;;;;;
;;;;;;;;
;;;;;;;;
;;;;;;;;
;;;;;;;;
;;;;;;;;
;;;;;;;;
;;;;;;;;
;;;;;;;;
;;;;;;;;
;;;;;;;;
;;;;;;;;
;;;;;;;;
;;;;;;;;
;;;;;;;;
;;;;;;;;
;;;;;;;;
;;;;;;;;
;;;;;;;;
;;;;;;;;
;;;;;;;;
;;;;;;;;
;;;;;;;;
;;;;;;;;
;;;;;;;;
;;;;;;;;
;;;;;;;;
;;;;;;;;
;;;;;;;;
;;;;;;;;
;;;;;;;;
;;;;;;;;
;;;;;;;;
;;;;;;;;
;;;;;;;;
;;;;;;;;
;;;;;;;;
;;;;;;;;
;;;;;;;;
;;;;;;;;
;;;;;;;;
;;;;;;;;
;;;;;;;;
;;;;;;;;
;;;;;;;;
;;;;;;;;
;;;;;;;;
;;;;;;;;
;;;;;;;;
;;;;;;;;
;;;;;;;;
;;;;;;;;
;;;;;;;;
;;;;;;;;
;;;;;;;;
;;;;;;;;
;;;;;;;;
;;;;;;;;
;;;;;;;;
;;;;;;;;
;;;;;;;;
;;;;;;;;
;;;;;;;;
;;;;;;;;
;;;;;;;;
;;;;;;;;
;;;;;;;;
;;;;;;;;
;;;;;;;;
;;;;;;;;
;;;;;;;;
;;;;;;;;
;;;;;;;;
;;;;;;;;
;;;;;;;;
;;;;;;;;
;;;;;;;;
;;;;;;;;
;;;;;;;;
;;;;;;;;
;;;;;;;;
;;;;;;;;
;;;;;;;;
;;;;;;;;
;;;;;;;;
;;;;;;;;
;;;;;;;;
;;;;;;;;
;;;;;;;;
;;;;;;;;
;;;;;;;;
;;;;;;;;
;;;;;;;;
;;;;;;;;
;;;;;;;;
;;;;;;;;
;;;;;;;;
;;;;;;;;
;;;;;;;;
;;;;;;;;
;;;;;;;;
;;;;;;;;
;;;;;;;;
;;;;;;;;
;;;;;;;;
;;;;;;;;
;;;;;;;;
;;;;;;;;
;;;;;;;;
;;;;;;;;
;;;;;;;;
;;;;;;;;
;;;;;;;;
;;;;;;;;
;;;;;;;;
;;;;;;;;
;;;;;;;;
;;;;;;;;
;;;;;;;;
;;;;;;;;
;;;;;;;;
;;;;;;;;
;;;;;;;;
;;;;;;;;
;;;;;;;;
;;;;;;;;
;;;;;;;;
;;;;;;;;
;;;;;;;;
;;;;;;;;
;;;;;;;;
;;;;;;;;
;;;;;;;;
;;;;;;;;
;;;;;;;;
;;;;;;;;
;;;;;;;;
;;;;;;;;
;;;;;;;;
;;;;;;;;
;;;;;;;;
;;;;;;;;
;;;;;;;;
;;;;;;;;
;;;;;;;;
;;;;;;;;
;;;;;;;;
;;;;;;;;
;;;;;;;;
;;;;;;;;
;;;;;;;;
;;;;;;;;
;;;;;;;;
;;;;;;;;
;;;;;;;;
;;;;;;;;
;;;;;;;;
;;;;;;;;
;;;;;;;;
;;;;;;;;
;;;;;;;;
;;;;;;;;
;;;;;;;;
;;;;;;;;
;;;;;;;;
;;;;;;;;
;;;;;;;;
;;;;;;;;
;;;;;;;;
;;;;;;;;
;;;;;;;;
;;;;;;;;
;;;;;;;;
;;;;;;;;
;;;;;;;;
;;;;;;;;
;;;;;;;;
;;;;;;;;
;;;;;;;;
;;;;;;;;
;;;;;;;;
;;;;;;;;
;;;;;;;;
;;;;;;;;
;;;;;;;;
;;;;;;;;
;;;;;;;;
;;;;;;;;
;;;;;;;;
;;;;;;;;
